month,frame,family,n_test,brier,brier_base,skill,base
2018-09,5m,bounce,5916,0.18742,0.20076,0.0665,0.2953
2018-09,5m,through,5916,0.2061,0.24158,0.1469,0.2796
2018-09,15m,bounce,5916,0.16106,0.17004,0.0528,0.2198
2018-09,15m,through,5916,0.22466,0.25271,0.111,0.4748
2018-09,1h,bounce,5916,0.10473,0.11248,0.0689,0.1257
2018-09,1h,through,5916,0.18903,0.20403,0.0735,0.7012
2018-09,4h,bounce,5916,0.06572,0.06841,0.0393,0.0748
2018-09,4h,through,5916,0.10562,0.11861,0.1096,0.8314
2018-09,1d,bounce,5916,0.03166,0.02706,-0.1699,0.0439
2018-09,1d,through,5916,0.05738,0.05533,-0.0371,0.9105
2018-10,5m,bounce,3040,0.19252,0.20746,0.072,0.2929
2018-10,5m,through,3040,0.15586,0.19511,0.2011,0.2913
2018-10,15m,bounce,3040,0.17669,0.19175,0.0786,0.2195
2018-10,15m,through,3040,0.2221,0.24754,0.1028,0.4834
2018-10,1h,bounce,3040,0.13642,0.13496,-0.0108,0.1261
2018-10,1h,through,3040,0.24418,0.24352,-0.0027,0.703
2018-10,4h,bounce,3040,0.10351,0.09148,-0.1315,0.0747
2018-10,4h,through,3040,0.20341,0.18003,-0.1299,0.8356
2018-10,1d,bounce,3040,0.06841,0.05751,-0.1895,0.0418
2018-10,1d,through,3040,0.12595,0.10249,-0.2289,0.9146
2018-11,5m,bounce,9628,0.16542,0.17714,0.0661,0.293
2018-11,5m,through,9628,0.22577,0.27127,0.1677,0.2896
2018-11,15m,bounce,9628,0.12695,0.13986,0.0923,0.2218
2018-11,15m,through,9628,0.22287,0.25409,0.1229,0.4793
2018-11,1h,bounce,9628,0.08557,0.08579,0.0026,0.1282
2018-11,1h,through,9628,0.18364,0.18166,-0.0109,0.6976
2018-11,4h,bounce,9628,0.07403,0.06981,-0.0604,0.0763
2018-11,4h,through,9628,0.14407,0.13761,-0.0469,0.8316
2018-11,1d,bounce,9628,0.08395,0.07998,-0.0497,0.043
2018-11,1d,through,9628,0.14436,0.13151,-0.0977,0.9128
2018-12,5m,bounce,5304,0.20356,0.21447,0.0509,0.2811
2018-12,5m,through,5304,0.21132,0.22213,0.0487,0.3152
2018-12,15m,bounce,5304,0.15273,0.16332,0.0648,0.2121
2018-12,15m,through,5304,0.23518,0.25013,0.0598,0.4972
2018-12,1h,bounce,5304,0.11422,0.12077,0.0543,0.1224
2018-12,1h,through,5304,0.19777,0.2051,0.0357,0.7098
2018-12,4h,bounce,5304,0.05603,0.05423,-0.0333,0.0762
2018-12,4h,through,5304,0.12235,0.11246,-0.088,0.8322
2018-12,1d,bounce,5304,0.02228,0.02015,-0.1059,0.05
2018-12,1d,through,5304,0.06165,0.05368,-0.1485,0.9024
2019-01,5m,bounce,2585,0.19946,0.21823,0.086,0.2834
2019-01,5m,through,2585,0.17033,0.20028,0.1495,0.3166
2019-01,15m,bounce,2585,0.16981,0.19874,0.1456,0.2116
2019-01,15m,through,2585,0.21643,0.24992,0.134,0.4992
2019-01,1h,bounce,2585,0.13671,0.14426,0.0523,0.1239
2019-01,1h,through,2585,0.22921,0.25242,0.092,0.71
2019-01,4h,bounce,2585,0.08268,0.08653,0.0445,0.0746
2019-01,4h,through,2585,0.18676,0.19165,0.0255,0.8356
2019-01,1d,bounce,2585,0.01726,0.01556,-0.1097,0.0475
2019-01,1d,through,2585,0.06565,0.06224,-0.0549,0.906
2019-02,5m,bounce,4426,0.19245,0.20724,0.0713,0.2848
2019-02,5m,through,4426,0.22364,0.22839,0.0208,0.3149
2019-02,15m,bounce,4426,0.16545,0.17258,0.0413,0.2137
2019-02,15m,through,4426,0.24062,0.25013,0.038,0.4973
2019-02,1h,bounce,4426,0.10802,0.10815,0.0012,0.1257
2019-02,1h,through,4426,0.19892,0.19797,-0.0048,0.7057
2019-02,4h,bounce,4426,0.07092,0.06823,-0.0394,0.0754
2019-02,4h,through,4426,0.13581,0.12797,-0.0612,0.8325
2019-02,1d,bounce,4426,0.03602,0.03453,-0.043,0.0462
2019-02,1d,through,4426,0.06544,0.06437,-0.0165,0.9071
2019-03,5m,bounce,3509,0.2066,0.222,0.0694,0.2853
2019-03,5m,through,3509,0.15929,0.17644,0.0972,0.3171
2019-03,15m,bounce,3509,0.17745,0.18695,0.0508,0.2142
2019-03,15m,through,3509,0.22338,0.24974,0.1056,0.4989
2019-03,1h,bounce,3509,0.11006,0.10818,-0.0175,0.1256
2019-03,1h,through,3509,0.21923,0.22449,0.0234,0.7072
2019-03,4h,bounce,3509,0.07561,0.07054,-0.0719,0.0753
2019-03,4h,through,3509,0.15858,0.15489,-0.0238,0.8336
2019-03,1d,bounce,3509,0.06361,0.06476,0.0178,0.0455
2019-03,1d,through,3509,0.11124,0.11874,0.0631,0.9086
2019-04,5m,bounce,8441,0.15325,0.17255,0.1119,0.2873
2019-04,5m,through,8441,0.20511,0.2826,0.2742,0.3119
2019-04,15m,bounce,8441,0.11978,0.13511,0.1135,0.2157
2019-04,15m,through,8441,0.19381,0.25219,0.2315,0.4932
2019-04,1h,bounce,8441,0.0647,0.06819,0.0512,0.1255
2019-04,1h,through,8441,0.13275,0.15936,0.1669,0.7052
2019-04,4h,bounce,8441,0.02918,0.02912,-0.0019,0.0754
2019-04,4h,through,8441,0.06332,0.07093,0.1073,0.8324
2019-04,1d,bounce,8441,0.03077,0.02634,-0.168,0.0466
2019-04,1d,through,8441,0.05346,0.04553,-0.1741,0.9065
2019-05,5m,bounce,9327,0.16024,0.17917,0.1056,0.2796
2019-05,5m,through,9327,0.20739,0.27539,0.2469,0.3303
2019-05,15m,bounce,9327,0.12952,0.14089,0.0807,0.2096
2019-05,15m,through,9327,0.20395,0.24733,0.1754,0.51
2019-05,1h,bounce,9327,0.07923,0.08129,0.0253,0.1198
2019-05,1h,through,9327,0.15528,0.16655,0.0677,0.7172
2019-05,4h,bounce,9327,0.05903,0.05829,-0.0127,0.0705
2019-05,4h,through,9327,0.11112,0.11232,0.0107,0.8429
2019-05,1d,bounce,9327,0.04606,0.04496,-0.0246,0.0446
2019-05,1d,through,9327,0.06181,0.06281,0.0159,0.9115
2019-06,5m,bounce,6525,0.17965,0.19562,0.0816,0.2745
2019-06,5m,through,6525,0.20382,0.23317,0.1259,0.3465
2019-06,15m,bounce,6525,0.13567,0.14332,0.0534,0.2053
2019-06,15m,through,6525,0.2289,0.2474,0.0748,0.523
2019-06,1h,bounce,6525,0.07258,0.07518,0.0345,0.1166
2019-06,1h,through,6525,0.15805,0.17279,0.0853,0.7257
2019-06,4h,bounce,6525,0.03678,0.03836,0.0412,0.0696
2019-06,4h,through,6525,0.09375,0.09701,0.0336,0.8459
2019-06,1d,bounce,6525,0.04439,0.044,-0.0087,0.0449
2019-06,1d,through,6525,0.07691,0.07288,-0.0553,0.9137
2019-07,5m,bounce,3137,0.21371,0.22291,0.0413,0.274
2019-07,5m,through,3137,0.12704,0.16779,0.2428,0.3479
2019-07,15m,bounce,3137,0.1794,0.19495,0.0798,0.2031
2019-07,15m,through,3137,0.2215,0.25759,0.1401,0.526
2019-07,1h,bounce,3137,0.11811,0.12397,0.0473,0.1142
2019-07,1h,through,3137,0.22875,0.24261,0.0571,0.7295
2019-07,4h,bounce,3137,0.05948,0.05888,-0.0102,0.0676
2019-07,4h,through,3137,0.16259,0.15898,-0.0227,0.8491
2019-07,1d,bounce,3137,0.05075,0.04873,-0.0414,0.0449
2019-07,1d,through,3137,0.10985,0.1011,-0.0865,0.9141
2019-08,5m,bounce,3251,0.20964,0.23099,0.0924,0.2756
2019-08,5m,through,3251,0.15094,0.17546,0.1397,0.3419
2019-08,15m,bounce,3251,0.18208,0.19703,0.0759,0.2048
2019-08,15m,through,3251,0.2374,0.25426,0.0663,0.5211
2019-08,1h,bounce,3251,0.12581,0.13235,0.0494,0.1151
2019-08,1h,through,3251,0.22483,0.24438,0.08,0.7265
2019-08,4h,bounce,3251,0.08521,0.08757,0.027,0.0675
2019-08,4h,through,3251,0.16341,0.16929,0.0348,0.8477
2019-08,1d,bounce,3251,0.05375,0.05101,-0.0538,0.0451
2019-08,1d,through,3251,0.0843,0.07973,-0.0574,0.9133
2019-09,5m,bounce,4459,0.20299,0.2183,0.0701,0.2778
2019-09,5m,through,4459,0.20307,0.22499,0.0974,0.3371
2019-09,15m,bounce,4459,0.16353,0.17257,0.0524,0.2066
2019-09,15m,through,4459,0.22969,0.24925,0.0785,0.5177
2019-09,1h,bounce,4459,0.11899,0.11971,0.006,0.1164
2019-09,1h,through,4459,0.20131,0.20136,0.0002,0.7234
2019-09,4h,bounce,4459,0.07202,0.06934,-0.0388,0.0683
2019-09,4h,through,4459,0.14018,0.13266,-0.0567,0.8459
2019-09,1d,bounce,4459,0.03914,0.03856,-0.015,0.0454
2019-09,1d,through,4459,0.07232,0.06943,-0.0415,0.9133
2019-10,5m,bounce,4666,0.18474,0.20269,0.0886,0.2794
2019-10,5m,through,4666,0.18406,0.22535,0.1832,0.3373
2019-10,15m,bounce,4666,0.13844,0.1525,0.0922,0.2072
2019-10,15m,through,4666,0.21161,0.2489,0.1498,0.5182
2019-10,1h,bounce,4666,0.07642,0.07954,0.0392,0.1173
2019-10,1h,through,4666,0.18198,0.19219,0.0531,0.7233
2019-10,4h,bounce,4666,0.04531,0.04465,-0.0148,0.0686
2019-10,4h,through,4666,0.09804,0.09285,-0.0559,0.8458
2019-10,1d,bounce,4666,0.00531,0.00516,-0.0281,0.0452
2019-10,1d,through,4666,0.01685,0.01631,-0.0334,0.9138
2019-11,5m,bounce,3734,0.20267,0.21299,0.0485,0.2795
2019-11,5m,through,3734,0.18749,0.19886,0.0572,0.3375
2019-11,15m,bounce,3734,0.17551,0.18335,0.0427,0.2064
2019-11,15m,through,3734,0.24352,0.25225,0.0346,0.519
2019-11,1h,bounce,3734,0.09694,0.10169,0.0467,0.116
2019-11,1h,through,3734,0.18853,0.19615,0.0389,0.724
2019-11,4h,bounce,3734,0.08643,0.08864,0.0249,0.0677
2019-11,4h,through,3734,0.15618,0.16905,0.0762,0.848
2019-11,1d,bounce,3734,0.00286,0.00189,-0.5105,0.0435
2019-11,1d,through,3734,0.00914,0.00691,-0.3222,0.9168
2019-12,5m,bounce,4121,0.20797,0.2224,0.0649,0.2803
2019-12,5m,through,4121,0.17677,0.1968,0.1018,0.3351
2019-12,15m,bounce,4121,0.18677,0.20177,0.0743,0.2074
2019-12,15m,through,4121,0.23204,0.25422,0.0872,0.5169
2019-12,1h,bounce,4121,0.11583,0.1167,0.0075,0.1159
2019-12,1h,through,4121,0.21449,0.21458,0.0004,0.7242
2019-12,4h,bounce,4121,0.05053,0.04951,-0.0205,0.0686
2019-12,4h,through,4121,0.10045,0.09321,-0.0776,0.8462
2019-12,1d,bounce,4121,0.00098,0.00177,0.4478,0.0421
2019-12,1d,through,4121,0.00486,0.00648,0.2497,0.9195
2020-01,5m,bounce,6232,0.1906,0.20448,0.0678,0.2819
2020-01,5m,through,6232,0.19845,0.21833,0.0911,0.3324
2020-01,15m,bounce,6232,0.14564,0.15465,0.0582,0.2096
2020-01,15m,through,6232,0.24166,0.24967,0.0321,0.5124
2020-01,1h,bounce,6232,0.09585,0.09997,0.0412,0.1166
2020-01,1h,through,6232,0.18684,0.19051,0.0193,0.7231
2020-01,4h,bounce,6232,0.06974,0.07075,0.0143,0.0681
2020-01,4h,through,6232,0.12578,0.12842,0.0205,0.848
2020-01,1d,bounce,6232,0.00191,0.00166,-0.1512,0.0407
2020-01,1d,through,6232,0.00608,0.00605,-0.0044,0.9222
2020-02,5m,bounce,5532,0.19671,0.20807,0.0546,0.2821
2020-02,5m,through,5532,0.20477,0.21353,0.041,0.3319
2020-02,15m,bounce,5532,0.16118,0.16846,0.0432,0.2087
2020-02,15m,through,5532,0.24072,0.25002,0.0372,0.5127
2020-02,1h,bounce,5532,0.09729,0.09496,-0.0245,0.1164
2020-02,1h,through,5532,0.17179,0.18549,0.0739,0.7242
2020-02,4h,bounce,5532,0.06191,0.06288,0.0155,0.0685
2020-02,4h,through,5532,0.11966,0.12149,0.015,0.848
2020-02,1d,bounce,5532,0.03113,0.02968,-0.0488,0.0387
2020-02,1d,through,5532,0.06707,0.06246,-0.0738,0.926
2020-03,5m,bounce,5197,0.16642,0.18403,0.0957,0.2827
2020-03,5m,through,5197,0.19908,0.24583,0.1901,0.3309
2020-03,15m,bounce,5197,0.13912,0.15589,0.1076,0.2089
2020-03,15m,through,5197,0.21821,0.24863,0.1223,0.5124
2020-03,1h,bounce,5197,0.09305,0.10005,0.07,0.1159
2020-03,1h,through,5197,0.17224,0.18817,0.0847,0.7255
2020-03,4h,bounce,5197,0.07034,0.07328,0.0401,0.0684
2020-03,4h,through,5197,0.12198,0.13145,0.0721,0.8485
2020-03,1d,bounce,5197,0.04798,0.04606,-0.0417,0.0384
2020-03,1d,through,5197,0.09388,0.08992,-0.0441,0.9263
2020-04,5m,bounce,3681,0.19605,0.2133,0.0809,0.2811
2020-04,5m,through,3681,0.16128,0.20007,0.1939,0.3336
2020-04,15m,bounce,3681,0.17151,0.18714,0.0835,0.2083
2020-04,15m,through,3681,0.21192,0.25199,0.159,0.5142
2020-04,1h,bounce,3681,0.09517,0.09962,0.0447,0.1158
2020-04,1h,through,3681,0.19316,0.19762,0.0226,0.7264
2020-04,4h,bounce,3681,0.04341,0.04574,0.0508,0.0688
2020-04,4h,through,3681,0.1026,0.10552,0.0277,0.8483
2020-04,1d,bounce,3681,0.0386,0.03909,0.0127,0.0387
2020-04,1d,through,3681,0.0753,0.07721,0.0248,0.9253
2020-05,5m,bounce,4656,0.20597,0.22395,0.0803,0.2817
2020-05,5m,through,4656,0.16302,0.18518,0.1196,0.3319
2020-05,15m,bounce,4656,0.16902,0.18192,0.0709,0.2093
2020-05,15m,through,4656,0.22827,0.25215,0.0947,0.5122
2020-05,1h,bounce,4656,0.07985,0.08173,0.023,0.1157
2020-05,1h,through,4656,0.17085,0.18407,0.0718,0.7265
2020-05,4h,bounce,4656,0.04519,0.0449,-0.0064,0.0683
2020-05,4h,through,4656,0.10493,0.10494,0.0001,0.8492
2020-05,1d,bounce,4656,0.03471,0.03281,-0.0579,0.0388
2020-05,1d,through,4656,0.0642,0.06313,-0.0169,0.9251
2020-06,5m,bounce,3080,0.23814,0.24673,0.0348,0.2833
2020-06,5m,through,3080,0.17153,0.18151,0.055,0.3284
2020-06,15m,bounce,3080,0.20423,0.20584,0.0078,0.2102
2020-06,15m,through,3080,0.24398,0.25178,0.031,0.5093
2020-06,1h,bounce,3080,0.1271,0.12598,-0.0089,0.1149
2020-06,1h,through,3080,0.21851,0.22036,0.0084,0.7275
2020-06,4h,bounce,3080,0.05256,0.04669,-0.1259,0.0676
2020-06,4h,through,3080,0.117,0.10339,-0.1316,0.8502
2020-06,1d,bounce,3080,0.02296,0.00599,-2.834,0.0386
2020-06,1d,through,3080,0.04434,0.01718,-1.5812,0.9253
2020-07,5m,bounce,5964,0.18204,0.19537,0.0682,0.2853
2020-07,5m,through,5964,0.20934,0.2533,0.1736,0.3261
2020-07,15m,bounce,5964,0.14333,0.15503,0.0754,0.2116
2020-07,15m,through,5964,0.21718,0.24864,0.1265,0.5072
2020-07,1h,bounce,5964,0.10779,0.11017,0.0216,0.1155
2020-07,1h,through,5964,0.17819,0.19094,0.0668,0.7265
2020-07,4h,bounce,5964,0.09557,0.09682,0.0129,0.0672
2020-07,4h,through,5964,0.15925,0.1592,-0.0003,0.8509
2020-07,1d,bounce,5964,0.07776,0.07891,0.0146,0.038
2020-07,1d,through,5964,0.12236,0.12612,0.0299,0.9266
2020-08,5m,bounce,3390,0.19467,0.20731,0.061,0.2846
2020-08,5m,through,3390,0.17117,0.21209,0.193,0.3298
2020-08,15m,bounce,3390,0.16014,0.16916,0.0533,0.2108
2020-08,15m,through,3390,0.22566,0.25017,0.098,0.5107
2020-08,1h,bounce,3390,0.09344,0.09547,0.0212,0.1159
2020-08,1h,through,3390,0.18957,0.18742,-0.0115,0.7272
2020-08,4h,bounce,3390,0.02273,0.02177,-0.0439,0.0687
2020-08,4h,through,3390,0.06644,0.06189,-0.0735,0.8492
2020-08,1d,bounce,3390,0.00312,0.00158,-0.9814,0.0397
2020-08,1d,through,3390,0.0083,0.00578,-0.435,0.924
2020-09,5m,bounce,5517,0.20708,0.21974,0.0576,0.2848
2020-09,5m,through,5517,0.17824,0.20422,0.1272,0.3292
2020-09,15m,bounce,5517,0.17256,0.18533,0.0689,0.2109
2020-09,15m,through,5517,0.22979,0.25061,0.0831,0.5104
2020-09,1h,bounce,5517,0.13012,0.13319,0.0231,0.1157
2020-09,1h,through,5517,0.22047,0.22759,0.0313,0.7277
2020-09,4h,bounce,5517,0.09054,0.09078,0.0026,0.0677
2020-09,4h,through,5517,0.15427,0.15531,0.0067,0.8512
2020-09,1d,bounce,5517,0.02378,0.02324,-0.0233,0.0389
2020-09,1d,through,5517,0.05613,0.05583,-0.0053,0.9256
2020-10,5m,bounce,5626,0.2149,0.22269,0.0349,0.286
2020-10,5m,through,5626,0.16722,0.17664,0.0533,0.3276
2020-10,15m,bounce,5626,0.1744,0.18132,0.0381,0.212
2020-10,15m,through,5626,0.24528,0.25186,0.0261,0.5093
2020-10,1h,bounce,5626,0.10146,0.10396,0.024,0.1171
2020-10,1h,through,5626,0.21122,0.21379,0.012,0.7255
2020-10,4h,bounce,5626,0.06335,0.06329,-0.0009,0.0688
2020-10,4h,through,5626,0.1334,0.13037,-0.0233,0.8498
2020-10,1d,bounce,5626,0.05698,0.05694,-0.0006,0.0384
2020-10,1d,through,5626,0.09773,0.0965,-0.0128,0.9261
2020-11,5m,bounce,9596,0.17784,0.1951,0.0885,0.2874
2020-11,5m,through,9596,0.20595,0.24787,0.1691,0.3234
2020-11,15m,bounce,9596,0.13834,0.14621,0.0538,0.2128
2020-11,15m,through,9596,0.23387,0.24886,0.0602,0.5058
2020-11,1h,bounce,9596,0.08279,0.08721,0.0507,0.1171
2020-11,1h,through,9596,0.16876,0.1773,0.0482,0.7244
2020-11,4h,bounce,9596,0.06388,0.06594,0.0312,0.0687
2020-11,4h,through,9596,0.11275,0.11931,0.055,0.8497
2020-11,1d,bounce,9596,0.03484,0.03678,0.0528,0.0391
2020-11,1d,through,9596,0.05513,0.0609,0.0948,0.925
2020-12,5m,bounce,6103,0.19337,0.20943,0.0767,0.2862
2020-12,5m,through,6103,0.19292,0.214,0.0985,0.3278
2020-12,15m,bounce,6103,0.16027,0.17011,0.0578,0.2108
2020-12,15m,through,6103,0.23568,0.25011,0.0577,0.5109
2020-12,1h,bounce,6103,0.11282,0.11551,0.0233,0.116
2020-12,1h,through,6103,0.20015,0.20918,0.0432,0.7271
2020-12,4h,bounce,6103,0.09407,0.09262,-0.0156,0.0688
2020-12,4h,through,6103,0.15717,0.15408,-0.02,0.8503
2020-12,1d,bounce,6103,0.10065,0.10228,0.0159,0.039
2020-12,1d,through,6103,0.12673,0.13077,0.0309,0.9255
2021-01,5m,bounce,10975,0.16627,0.18166,0.0847,0.2866
2021-01,5m,through,10975,0.21961,0.26945,0.185,0.3272
2021-01,15m,bounce,10975,0.12755,0.13816,0.0768,0.211
2021-01,15m,through,10975,0.20397,0.24723,0.175,0.5105
2021-01,1h,bounce,10975,0.07636,0.07892,0.0323,0.1165
2021-01,1h,through,10975,0.15297,0.16704,0.0842,0.7263
2021-01,4h,bounce,10975,0.05001,0.04917,-0.0171,0.0699
2021-01,4h,through,10975,0.09793,0.09994,0.0201,0.8491
2021-01,1d,bounce,10975,0.06078,0.0537,-0.132,0.0413
2021-01,1d,through,10975,0.092,0.08479,-0.085,0.9232
2021-02,5m,bounce,8783,0.20189,0.20707,0.025,0.2836
2021-02,5m,through,8783,0.21251,0.22569,0.0584,0.3351
2021-02,15m,bounce,8783,0.16523,0.1668,0.0094,0.2083
2021-02,15m,through,8783,0.24504,0.24889,0.0155,0.5175
2021-02,1h,bounce,8783,0.11735,0.11598,-0.0118,0.1148
2021-02,1h,through,8783,0.19719,0.19288,-0.0223,0.7302
2021-02,4h,bounce,8783,0.08185,0.08112,-0.0089,0.0689
2021-02,4h,through,8783,0.1359,0.13147,-0.0338,0.8513
2021-02,1d,bounce,8783,0.05554,0.05359,-0.0364,0.0422
2021-02,1d,through,8783,0.08104,0.07787,-0.0408,0.9222
2021-03,5m,bounce,4799,0.19949,0.21442,0.0696,0.284
2021-03,5m,through,4799,0.17906,0.20093,0.1088,0.3355
2021-03,15m,bounce,4799,0.18372,0.19983,0.0806,0.2085
2021-03,15m,through,4799,0.23079,0.25267,0.0866,0.5185
2021-03,1h,bounce,4799,0.11828,0.1207,0.0201,0.1156
2021-03,1h,through,4799,0.21226,0.22307,0.0485,0.7306
2021-03,4h,bounce,4799,0.07877,0.07856,-0.0027,0.0697
2021-03,4h,through,4799,0.13967,0.14201,0.0164,0.851
2021-03,1d,bounce,4799,0.0714,0.07024,-0.0166,0.0428
2021-03,1d,through,4799,0.10305,0.10193,-0.011,0.9219
2021-04,5m,bounce,10400,0.16664,0.18609,0.1045,0.2846
2021-04,5m,through,10400,0.20128,0.25144,0.1995,0.334
2021-04,15m,bounce,10400,0.12998,0.1404,0.0742,0.2098
2021-04,15m,through,10400,0.21085,0.24718,0.147,0.5167
2021-04,1h,bounce,10400,0.08078,0.08413,0.0399,0.1161
2021-04,1h,through,10400,0.16947,0.18017,0.0594,0.7293
2021-04,4h,bounce,10400,0.04969,0.0508,0.0217,0.0701
2021-04,4h,through,10400,0.103,0.10721,0.0393,0.8505
2021-04,1d,bounce,10400,0.02351,0.01041,-1.2584,0.0435
2021-04,1d,through,10400,0.04046,0.02606,-0.5525,0.9211
2021-05,5m,bounce,9251,0.18163,0.19784,0.0819,0.2827
2021-05,5m,through,9251,0.19538,0.22831,0.1442,0.3381
2021-05,15m,bounce,9251,0.13808,0.14558,0.0515,0.2078
2021-05,15m,through,9251,0.22812,0.24783,0.0795,0.5203
2021-05,1h,bounce,9251,0.08486,0.08422,-0.0075,0.115
2021-05,1h,through,9251,0.17294,0.17983,0.0383,0.7311
2021-05,4h,bounce,9251,0.06066,0.05918,-0.025,0.0693
2021-05,4h,through,9251,0.11966,0.12373,0.0329,0.8519
2021-05,1d,bounce,9251,0.03559,0.03206,-0.11,0.0419
2021-05,1d,through,9251,0.06574,0.06536,-0.0059,0.9237
2021-06,5m,bounce,4146,0.22487,0.23723,0.0521,0.2822
2021-06,5m,through,4146,0.149,0.17446,0.1459,0.3386
2021-06,15m,bounce,4146,0.20033,0.21212,0.0556,0.2065
2021-06,15m,through,4146,0.24045,0.25466,0.0558,0.522
2021-06,1h,bounce,4146,0.13643,0.1437,0.0506,0.1141
2021-06,1h,through,4146,0.22877,0.23721,0.0356,0.7325
2021-06,4h,bounce,4146,0.08695,0.08709,0.0016,0.0691
2021-06,4h,through,4146,0.17313,0.17473,0.0091,0.852
2021-06,1d,bounce,4146,0.01818,0.01765,-0.03,0.0416
2021-06,1d,through,4146,0.03956,0.03912,-0.0114,0.924
2021-07,5m,bounce,5233,0.21328,0.22309,0.044,0.2836
2021-07,5m,through,5233,0.16933,0.18797,0.0992,0.3359
2021-07,15m,bounce,5233,0.17868,0.19069,0.063,0.2079
2021-07,15m,through,5233,0.23615,0.25242,0.0645,0.5199
2021-07,1h,bounce,5233,0.1108,0.11578,0.043,0.1151
2021-07,1h,through,5233,0.19745,0.2085,0.053,0.7309
2021-07,4h,bounce,5233,0.0935,0.09779,0.0439,0.0695
2021-07,4h,through,5233,0.1574,0.16384,0.0393,0.8508
2021-07,1d,bounce,5233,0.10608,0.10814,0.0191,0.0411
2021-07,1d,through,5233,0.15995,0.16212,0.0134,0.9246
2021-08,5m,bounce,8443,0.18218,0.19835,0.0815,0.2847
2021-08,5m,through,8443,0.18779,0.23526,0.2018,0.3336
2021-08,15m,bounce,8443,0.13397,0.14425,0.0712,0.2089
2021-08,15m,through,8443,0.21422,0.24779,0.1355,0.5184
2021-08,1h,bounce,8443,0.09252,0.09613,0.0375,0.1155
2021-08,1h,through,8443,0.17869,0.18795,0.0493,0.7304
2021-08,4h,bounce,8443,0.07299,0.07253,-0.0064,0.0704
2021-08,4h,through,8443,0.14348,0.14336,-0.0008,0.8496
2021-08,1d,bounce,8443,0.06095,0.06173,0.0126,0.0428
2021-08,1d,through,8443,0.09633,0.09757,0.0127,0.9222
2021-09,5m,bounce,6981,0.19146,0.20337,0.0586,0.2842
2021-09,5m,through,6981,0.18882,0.22076,0.1447,0.3349
2021-09,15m,bounce,6981,0.15918,0.16708,0.0473,0.2077
2021-09,15m,through,6981,0.22611,0.25021,0.0963,0.5201
2021-09,1h,bounce,6981,0.10352,0.10345,-0.0007,0.1152
2021-09,1h,through,6981,0.19366,0.19704,0.0172,0.7311
2021-09,4h,bounce,6981,0.06742,0.06662,-0.012,0.0707
2021-09,4h,through,6981,0.1292,0.12939,0.0014,0.8489
2021-09,1d,bounce,6981,0.03036,0.02962,-0.0249,0.0435
2021-09,1d,through,6981,0.05549,0.05629,0.0142,0.9212
2021-10,5m,bounce,5446,0.21203,0.22223,0.0459,0.2842
2021-10,5m,through,5446,0.17891,0.18998,0.0583,0.3348
2021-10,15m,bounce,5446,0.16665,0.17485,0.0469,0.2078
2021-10,15m,through,5446,0.24242,0.25237,0.0394,0.5197
2021-10,1h,bounce,5446,0.09707,0.09947,0.0241,0.1152
2021-10,1h,through,5446,0.20086,0.20801,0.0344,0.731
2021-10,4h,bounce,5446,0.06876,0.07027,0.0215,0.0707
2021-10,4h,through,5446,0.14417,0.14968,0.0368,0.8488
2021-10,1d,bounce,5446,0.0084,0.0022,-2.8176,0.0432
2021-10,1d,through,5446,0.01857,0.00721,-1.5754,0.9217
2021-11,5m,bounce,6083,0.20624,0.2204,0.0643,0.2851
2021-11,5m,through,6083,0.17184,0.1883,0.0874,0.3327
2021-11,15m,bounce,6083,0.17748,0.18726,0.0523,0.2081
2021-11,15m,through,6083,0.24026,0.25336,0.0517,0.5182
2021-11,1h,bounce,6083,0.09392,0.09437,0.0048,0.1152
2021-11,1h,through,6083,0.19588,0.18957,-0.0333,0.7305
2021-11,4h,bounce,6083,0.05472,0.05045,-0.0846,0.0708
2021-11,4h,through,6083,0.11749,0.1049,-0.12,0.8482
2021-11,1d,bounce,6083,0.05912,0.05642,-0.0479,0.0423
2021-11,1d,through,6083,0.10642,0.10247,-0.0385,0.9233
2021-12,5m,bounce,4996,0.21442,0.22203,0.0343,0.286
2021-12,5m,through,4996,0.14007,0.16565,0.1544,0.3304
2021-12,15m,bounce,4996,0.19368,0.20491,0.0548,0.209
2021-12,15m,through,4996,0.22932,0.25414,0.0977,0.5159
2021-12,1h,bounce,4996,0.12878,0.1336,0.036,0.115
2021-12,1h,through,4996,0.23245,0.24646,0.0569,0.7309
2021-12,4h,bounce,4996,0.09612,0.09765,0.0157,0.0704
2021-12,4h,through,4996,0.17617,0.18235,0.0339,0.849
2021-12,1d,bounce,4996,0.08614,0.08823,0.0237,0.0427
2021-12,1d,through,4996,0.1362,0.14131,0.0362,0.9225
2022-01,5m,bounce,5701,0.20719,0.22025,0.0593,0.2868
2022-01,5m,through,5701,0.20206,0.21049,0.0401,0.3274
2022-01,15m,bounce,5701,0.17787,0.18936,0.0607,0.2103
2022-01,15m,through,5701,0.24544,0.25082,0.0214,0.5134
2022-01,1h,bounce,5701,0.12701,0.13391,0.0515,0.1157
2022-01,1h,through,5701,0.20721,0.21764,0.0479,0.7289
2022-01,4h,bounce,5701,0.07869,0.08194,0.0397,0.0711
2022-01,4h,through,5701,0.13713,0.14285,0.04,0.8475
2022-01,1d,bounce,5701,0.04275,0.04305,0.0071,0.0436
2022-01,1d,through,5701,0.07429,0.07566,0.018,0.921
2022-02,5m,bounce,5164,0.21869,0.22832,0.0422,0.2875
2022-02,5m,through,5164,0.18451,0.19159,0.037,0.3268
2022-02,15m,bounce,5164,0.18919,0.18622,-0.0159,0.2111
2022-02,15m,through,5164,0.2309,0.2512,0.0808,0.5126
2022-02,1h,bounce,5164,0.12111,0.10744,-0.1272,0.1166
2022-02,1h,through,5164,0.22778,0.20467,-0.1129,0.728
2022-02,4h,bounce,5164,0.06882,0.05955,-0.1558,0.0715
2022-02,4h,through,5164,0.13973,0.12192,-0.1461,0.8471
2022-02,1d,bounce,5164,0.00481,0.00191,-1.5226,0.0437
2022-02,1d,through,5164,0.01216,0.00887,-0.3713,0.9209
2022-03,5m,bounce,3871,0.20942,0.21753,0.0373,0.2885
2022-03,5m,through,3871,0.15286,0.17217,0.1122,0.3253
2022-03,15m,bounce,3871,0.17536,0.18215,0.0373,0.2117
2022-03,15m,through,3871,0.22197,0.25175,0.1183,0.5117
2022-03,1h,bounce,3871,0.11724,0.11759,0.003,0.1167
2022-03,1h,through,3871,0.21672,0.22544,0.0387,0.7277
2022-03,4h,bounce,3871,0.07557,0.07508,-0.0066,0.0713
2022-03,4h,through,3871,0.15973,0.16274,0.0185,0.8473
2022-03,1d,bounce,3871,0.02856,0.02687,-0.0629,0.0429
2022-03,1d,through,3871,0.0549,0.04968,-0.1052,0.9223
2022-04,5m,bounce,4498,0.22799,0.24087,0.0535,0.2889
2022-04,5m,through,4498,0.1414,0.16602,0.1483,0.3235
2022-04,15m,bounce,4498,0.19591,0.20475,0.0432,0.2121
2022-04,15m,through,4498,0.2378,0.25292,0.0598,0.5106
2022-04,1h,bounce,4498,0.117,0.11689,-0.0009,0.1169
2022-04,1h,through,4498,0.23531,0.23631,0.0042,0.7269
2022-04,4h,bounce,4498,0.07225,0.07046,-0.0253,0.0715
2022-04,4h,through,4498,0.16609,0.16255,-0.0218,0.8467
2022-04,1d,bounce,4498,0.0999,0.0978,-0.0214,0.0427
2022-04,1d,through,4498,0.18344,0.1785,-0.0277,0.9226
2022-05,5m,bounce,5520,0.19017,0.19565,0.0281,0.2902
2022-05,5m,through,5520,0.21741,0.22775,0.0454,0.3212
2022-05,15m,bounce,5520,0.15257,0.15955,0.0437,0.2131
2022-05,15m,through,5520,0.24176,0.24972,0.0319,0.5083
2022-05,1h,bounce,5520,0.11182,0.11374,0.0168,0.1172
2022-05,1h,through,5520,0.20659,0.21221,0.0265,0.7256
2022-05,4h,bounce,5520,0.10676,0.11239,0.0501,0.0715
2022-05,4h,through,5520,0.17982,0.18894,0.0483,0.846
2022-05,1d,bounce,5520,0.14019,0.14047,0.002,0.0436
2022-05,1d,through,5520,0.20149,0.2023,0.004,0.9207
2022-06,5m,bounce,4380,0.21361,0.22374,0.0452,0.2898
2022-06,5m,through,4380,0.16254,0.18417,0.1174,0.3217
2022-06,15m,bounce,4380,0.17979,0.18744,0.0408,0.2128
2022-06,15m,through,4380,0.23332,0.25096,0.0703,0.5086
2022-06,1h,bounce,4380,0.12175,0.12542,0.0292,0.1174
2022-06,1h,through,4380,0.20974,0.21916,0.043,0.7251
2022-06,4h,bounce,4380,0.0801,0.08139,0.0158,0.0725
2022-06,4h,through,4380,0.1595,0.16307,0.0219,0.8444
2022-06,1d,bounce,4380,0.03953,0.03818,-0.0353,0.0456
2022-06,1d,through,4380,0.07715,0.07525,-0.0253,0.9178
2022-07,5m,bounce,5571,0.21501,0.23189,0.0728,0.2904
2022-07,5m,through,5571,0.16972,0.18169,0.0659,0.3203
2022-07,15m,bounce,5571,0.17865,0.1864,0.0416,0.2133
2022-07,15m,through,5571,0.24365,0.25096,0.0291,0.5077
2022-07,1h,bounce,5571,0.11459,0.11555,0.0083,0.1179
2022-07,1h,through,5571,0.22114,0.21654,-0.0213,0.7245
2022-07,4h,bounce,5571,0.05384,0.05346,-0.0073,0.0728
2022-07,4h,through,5571,0.11306,0.10451,-0.0819,0.8437
2022-07,1d,bounce,5571,0.02589,0.02475,-0.0458,0.0455
2022-07,1d,through,5571,0.04323,0.0393,-0.0999,0.9178
2022-08,5m,bounce,4154,0.22781,0.24659,0.0761,0.2915
2022-08,5m,through,4154,0.11414,0.14618,0.2192,0.3185
2022-08,15m,bounce,4154,0.20247,0.21435,0.0555,0.2139
2022-08,15m,through,4154,0.22187,0.25253,0.1214,0.5065
2022-08,1h,bounce,4154,0.12541,0.12868,0.0254,0.1181
2022-08,1h,through,4154,0.24755,0.25903,0.0443,0.7238
2022-08,4h,bounce,4154,0.04787,0.04663,-0.0266,0.0725
2022-08,4h,through,4154,0.12077,0.11275,-0.0711,0.8444
2022-08,1d,bounce,4154,0.02961,0.02788,-0.062,0.0452
2022-08,1d,through,4154,0.05316,0.04734,-0.123,0.9186
2022-09,5m,bounce,6689,0.22275,0.22977,0.0306,0.2928
2022-09,5m,through,6689,0.19134,0.19849,0.036,0.3159
2022-09,15m,bounce,6689,0.17102,0.17882,0.0436,0.215
2022-09,15m,through,6689,0.24573,0.25013,0.0176,0.5038
2022-09,1h,bounce,6689,0.10386,0.1029,-0.0093,0.1186
2022-09,1h,through,6689,0.19969,0.19544,-0.0218,0.722
2022-09,4h,bounce,6689,0.06028,0.05778,-0.0433,0.0721
2022-09,4h,through,6689,0.12964,0.12584,-0.0302,0.8448
2022-09,1d,bounce,6689,0.01477,0.01277,-0.1569,0.0449
2022-09,1d,through,6689,0.02808,0.02409,-0.1653,0.9191
2022-10,5m,bounce,5445,0.21113,0.22006,0.0406,0.2939
2022-10,5m,through,5445,0.16618,0.1819,0.0864,0.3149
2022-10,15m,bounce,5445,0.17487,0.18616,0.0607,0.2154
2022-10,15m,through,5445,0.23114,0.25046,0.0771,0.5035
2022-10,1h,bounce,5445,0.10479,0.11087,0.0549,0.1185
2022-10,1h,through,5445,0.19673,0.20572,0.0437,0.7223
2022-10,4h,bounce,5445,0.04149,0.04181,0.0077,0.0719
2022-10,4h,through,5445,0.08722,0.08372,-0.0418,0.845
2022-10,1d,bounce,5445,0.00955,0.00715,-0.3364,0.0442
2022-10,1d,through,5445,0.02301,0.01747,-0.3173,0.9203
2022-11,5m,bounce,7226,0.19062,0.2002,0.0478,0.2945
2022-11,5m,through,7226,0.21126,0.22744,0.0711,0.3133
2022-11,15m,bounce,7226,0.15503,0.16322,0.0502,0.2159
2022-11,15m,through,7226,0.23486,0.25004,0.0607,0.5023
2022-11,1h,bounce,7226,0.1162,0.11899,0.0234,0.1187
2022-11,1h,through,7226,0.20958,0.21529,0.0265,0.7221
2022-11,4h,bounce,7226,0.10398,0.107,0.0282,0.0714
2022-11,4h,through,7226,0.19012,0.19276,0.0137,0.8461
2022-11,1d,bounce,7226,0.06612,0.06494,-0.0182,0.0436
2022-11,1d,through,7226,0.08843,0.08666,-0.0204,0.9214
2022-12,5m,bounce,4579,0.19094,0.20278,0.0584,0.2941
2022-12,5m,through,4579,0.15726,0.20494,0.2327,0.3141
2022-12,15m,bounce,4579,0.18476,0.19964,0.0745,0.2156
2022-12,15m,through,4579,0.21455,0.25024,0.1426,0.5021
2022-12,1h,bounce,4579,0.12653,0.12948,0.0228,0.1191
2022-12,1h,through,4579,0.21488,0.22808,0.0579,0.7213
2022-12,4h,bounce,4579,0.08409,0.08443,0.004,0.0725
2022-12,4h,through,4579,0.15478,0.15086,-0.026,0.8441
2022-12,1d,bounce,4579,0.04785,0.04814,0.006,0.0442
2022-12,1d,through,4579,0.08383,0.08237,-0.0177,0.9211
2023-01,5m,bounce,9118,0.18974,0.20093,0.0557,0.2939
2023-01,5m,through,9118,0.21639,0.23498,0.0791,0.3137
2023-01,15m,bounce,9118,0.14231,0.15021,0.0526,0.2164
2023-01,15m,through,9118,0.23182,0.24983,0.0721,0.5013
2023-01,1h,bounce,9118,0.08578,0.09006,0.0476,0.1195
2023-01,1h,through,9118,0.17035,0.18095,0.0585,0.7205
2023-01,4h,bounce,9118,0.07382,0.07624,0.0317,0.0727
2023-01,4h,through,9118,0.13314,0.13812,0.0361,0.8438
2023-01,1d,bounce,9118,0.05782,0.06044,0.0433,0.0442
2023-01,1d,through,9118,0.07985,0.08418,0.0514,0.9209
2023-02,5m,bounce,4006,0.22058,0.22151,0.0042,0.2935
2023-02,5m,through,4006,0.1537,0.17488,0.1211,0.3151
2023-02,15m,bounce,4006,0.18072,0.18749,0.0361,0.2155
2023-02,15m,through,4006,0.23833,0.25036,0.048,0.503
2023-02,1h,bounce,4006,0.10715,0.10851,0.0125,0.119
2023-02,1h,through,4006,0.21158,0.21559,0.0186,0.7217
2023-02,4h,bounce,4006,0.04786,0.04669,-0.0252,0.073
2023-02,4h,through,4006,0.12298,0.11864,-0.0365,0.8435
2023-02,1d,bounce,4006,0.00747,0.00519,-0.4397,0.0448
2023-02,1d,through,4006,0.01959,0.0145,-0.3513,0.9205
2023-03,5m,bounce,7627,0.19362,0.20414,0.0515,0.2939
2023-03,5m,through,7627,0.2037,0.22166,0.081,0.3138
2023-03,15m,bounce,7627,0.15963,0.16849,0.0526,0.2158
2023-03,15m,through,7627,0.2263,0.2499,0.0944,0.5022
2023-03,1h,bounce,7627,0.10455,0.10628,0.0162,0.119
2023-03,1h,through,7627,0.195,0.2072,0.0589,0.7214
2023-03,4h,bounce,7627,0.08391,0.08316,-0.009,0.0727
2023-03,4h,through,7627,0.15531,0.15304,-0.0148,0.8437
2023-03,1d,bounce,7627,0.07757,0.07677,-0.0105,0.0443
2023-03,1d,through,7627,0.1168,0.11259,-0.0374,0.9214
2023-04,5m,bounce,4273,0.2077,0.21874,0.0505,0.2937
2023-04,5m,through,4273,0.19544,0.20873,0.0637,0.3142
2023-04,15m,bounce,4273,0.17603,0.18159,0.0306,0.2158
2023-04,15m,through,4273,0.24395,0.25004,0.0244,0.5027
2023-04,1h,bounce,4273,0.13026,0.13417,0.0291,0.1191
2023-04,1h,through,4273,0.21353,0.21904,0.0252,0.7211
2023-04,4h,bounce,4273,0.04224,0.04171,-0.0128,0.0731
2023-04,4h,through,4273,0.09514,0.09624,0.0115,0.8431
2023-04,1d,bounce,4273,0.0119,0.008,-0.4882,0.0451
2023-04,1d,through,4273,0.02243,0.01579,-0.4202,0.9203
2023-05,5m,bounce,4080,0.20744,0.22286,0.0692,0.294
2023-05,5m,through,4080,0.13624,0.16487,0.1736,0.3139
2023-05,15m,bounce,4080,0.19964,0.21482,0.0707,0.2161
2023-05,15m,through,4080,0.2141,0.25076,0.1462,0.5026
2023-05,1h,bounce,4080,0.12103,0.12153,0.0041,0.1195
2023-05,1h,through,4080,0.22442,0.23291,0.0365,0.7206
2023-05,4h,bounce,4080,0.05682,0.05284,-0.0755,0.0728
2023-05,4h,through,4080,0.13332,0.12956,-0.029,0.8437
2023-05,1d,bounce,4080,0.01275,0.0078,-0.6352,0.0446
2023-05,1d,through,4080,0.02979,0.01984,-0.5012,0.9211
2023-06,5m,bounce,5535,0.21533,0.22656,0.0496,0.2944
2023-06,5m,through,5535,0.18135,0.19358,0.0632,0.3124
2023-06,15m,bounce,5535,0.17794,0.18146,0.0194,0.217
2023-06,15m,through,5535,0.23927,0.2501,0.0433,0.5009
2023-06,1h,bounce,5535,0.08909,0.08716,-0.0221,0.1198
2023-06,1h,through,5535,0.1842,0.18041,-0.021,0.7198
2023-06,4h,bounce,5535,0.06718,0.06658,-0.0089,0.0726
2023-06,4h,through,5535,0.1096,0.10863,-0.009,0.8437
2023-06,1d,bounce,5535,0.02095,0.01908,-0.0981,0.0442
2023-06,1d,through,5535,0.03288,0.02897,-0.1349,0.9218
2023-07,5m,bounce,6815,0.1605,0.18576,0.136,0.2951
2023-07,5m,through,6815,0.17411,0.27364,0.3637,0.3116
2023-07,15m,bounce,6815,0.12835,0.15217,0.1565,0.2173
2023-07,15m,through,6815,0.17557,0.24998,0.2977,0.5001
2023-07,1h,bounce,6815,0.08673,0.0949,0.0861,0.1194
2023-07,1h,through,6815,0.16064,0.18276,0.121,0.7205
2023-07,4h,bounce,6815,0.05924,0.06284,0.0573,0.0726
2023-07,4h,through,6815,0.11466,0.12256,0.0645,0.8442
2023-07,1d,bounce,6815,0.04124,0.04034,-0.0222,0.0438
2023-07,1d,through,6815,0.06078,0.06106,0.0045,0.9226
2023-08,5m,bounce,4441,0.21148,0.22076,0.0421,0.2941
2023-08,5m,through,4441,0.19843,0.20408,0.0277,0.3144
2023-08,15m,bounce,4441,0.17919,0.18488,0.0308,0.2167
2023-08,15m,through,4441,0.25321,0.25012,-0.0124,0.5021
2023-08,1h,bounce,4441,0.14154,0.14712,0.0379,0.1192
2023-08,1h,through,4441,0.23466,0.23762,0.0125,0.7213
2023-08,4h,bounce,4441,0.09876,0.10037,0.016,0.0725
2023-08,4h,through,4441,0.14414,0.1438,-0.0024,0.8445
2023-08,1d,bounce,4441,0.00659,0.00418,-0.5781,0.0438
2023-08,1d,through,4441,0.01341,0.00843,-0.5909,0.9228
2023-09,5m,bounce,5254,0.20347,0.21541,0.0554,0.2945
2023-09,5m,through,5254,0.18837,0.19497,0.0338,0.3141
2023-09,15m,bounce,5254,0.17426,0.17636,0.0119,0.217
2023-09,15m,through,5254,0.23844,0.25016,0.0468,0.5017
2023-09,1h,bounce,5254,0.12121,0.1187,-0.0211,0.1198
2023-09,1h,through,5254,0.2148,0.22088,0.0275,0.7203
2023-09,4h,bounce,5254,0.07252,0.0697,-0.0406,0.0729
2023-09,4h,through,5254,0.13888,0.13512,-0.0278,0.8443
2023-09,1d,bounce,5254,0.08894,0.08984,0.01,0.0433
2023-09,1d,through,5254,0.13417,0.13421,0.0003,0.9237
2023-10,5m,bounce,10146,0.17353,0.18859,0.0799,0.2948
2023-10,5m,through,10146,0.21357,0.25379,0.1585,0.3133
2023-10,15m,bounce,10146,0.12512,0.14049,0.1094,0.2172
2023-10,15m,through,10146,0.20533,0.24979,0.178,0.5011
2023-10,1h,bounce,10146,0.09107,0.09747,0.0657,0.1201
2023-10,1h,through,10146,0.16422,0.18207,0.098,0.7197
2023-10,4h,bounce,10146,0.08332,0.08412,0.0095,0.073
2023-10,4h,through,10146,0.12805,0.13141,0.0256,0.8442
2023-10,1d,bounce,10146,0.08689,0.08544,-0.0171,0.044
2023-10,1d,through,10146,0.11608,0.11379,-0.0201,0.9227
2023-11,5m,bounce,6690,0.19163,0.19862,0.0352,0.2936
2023-11,5m,through,6690,0.19966,0.21345,0.0646,0.316
2023-11,15m,bounce,6690,0.15706,0.16433,0.0442,0.2158
2023-11,15m,through,6690,0.23627,0.25,0.0549,0.5036
2023-11,1h,bounce,6690,0.08055,0.08357,0.0362,0.1198
2023-11,1h,through,6690,0.17655,0.1862,0.0518,0.7208
2023-11,4h,bounce,6690,0.04028,0.0411,0.02,0.0734
2023-11,4h,through,6690,0.11205,0.11585,0.0328,0.8442
2023-11,1d,bounce,6690,0.05981,0.06037,0.0093,0.0453
2023-11,1d,through,6690,0.11036,0.11326,0.0256,0.9214
2023-12,5m,bounce,7470,0.20787,0.22201,0.0637,0.2932
2023-12,5m,through,7470,0.19274,0.20078,0.0401,0.3158
2023-12,15m,bounce,7470,0.158,0.16573,0.0466,0.2157
2023-12,15m,through,7470,0.24045,0.24985,0.0376,0.5036
2023-12,1h,bounce,7470,0.08488,0.08599,0.0129,0.1193
2023-12,1h,through,7470,0.17377,0.17839,0.0259,0.7214
2023-12,4h,bounce,7470,0.03763,0.03756,-0.0018,0.0729
2023-12,4h,through,7470,0.08163,0.08191,0.0034,0.8446
2023-12,1d,bounce,7470,0.01877,0.01814,-0.035,0.0456
2023-12,1d,through,7470,0.03502,0.03468,-0.0096,0.9206
2024-01,5m,bounce,5044,0.21297,0.22196,0.0405,0.2939
2024-01,5m,through,5044,0.18961,0.19797,0.0422,0.3151
2024-01,15m,bounce,5044,0.19013,0.20177,0.0577,0.2156
2024-01,15m,through,5044,0.24128,0.25044,0.0366,0.5039
2024-01,1h,bounce,5044,0.12784,0.13412,0.0468,0.1188
2024-01,1h,through,5044,0.22167,0.22952,0.0342,0.7223
2024-01,4h,bounce,5044,0.05964,0.06,0.006,0.0723
2024-01,4h,through,5044,0.12226,0.12373,0.0119,0.8459
2024-01,1d,bounce,5044,0.01626,0.01556,-0.0447,0.0451
2024-01,1d,through,5044,0.0337,0.03258,-0.0345,0.9214
2024-02,5m,bounce,7028,0.19629,0.20831,0.0577,0.2943
2024-02,5m,through,7028,0.20267,0.23041,0.1204,0.3145
2024-02,15m,bounce,7028,0.15241,0.15941,0.0439,0.2163
2024-02,15m,through,7028,0.23264,0.2497,0.0683,0.5032
2024-02,1h,bounce,7028,0.11665,0.11694,0.0024,0.1193
2024-02,1h,through,7028,0.20221,0.2035,0.0064,0.7215
2024-02,4h,bounce,7028,0.09253,0.09189,-0.0069,0.0722
2024-02,4h,through,7028,0.15683,0.15448,-0.0153,0.846
2024-02,1d,bounce,7028,0.08817,0.0879,-0.0031,0.0447
2024-02,1d,through,7028,0.12798,0.12701,-0.0076,0.922
2024-03,5m,bounce,8110,0.1905,0.19984,0.0467,0.2943
2024-03,5m,through,8110,0.20826,0.22997,0.0944,0.3152
2024-03,15m,bounce,8110,0.14778,0.15542,0.0492,0.216
2024-03,15m,through,8110,0.23065,0.24973,0.0764,0.504
2024-03,1h,bounce,8110,0.07385,0.07518,0.0177,0.1196
2024-03,1h,through,8110,0.16122,0.17174,0.0613,0.7214
2024-03,4h,bounce,8110,0.03005,0.03047,0.0138,0.0727
2024-03,4h,through,8110,0.08016,0.08293,0.0334,0.8454
2024-03,1d,bounce,8110,0.01353,0.01283,-0.054,0.0455
2024-03,1d,through,8110,0.03097,0.03075,-0.0071,0.9209
2024-04,5m,bounce,6045,0.21261,0.22568,0.0579,0.2939
2024-04,5m,through,6045,0.16742,0.18281,0.0842,0.3159
2024-04,15m,bounce,6045,0.18085,0.1866,0.0308,0.2155
2024-04,15m,through,6045,0.23952,0.25029,0.043,0.5046
2024-04,1h,bounce,6045,0.10254,0.10202,-0.0051,0.1188
2024-04,1h,through,6045,0.2034,0.20245,-0.0047,0.7227
2024-04,4h,bounce,6045,0.04351,0.04157,-0.0466,0.0719
2024-04,4h,through,6045,0.10188,0.09909,-0.0282,0.8467
2024-04,1d,bounce,6045,0.01278,0.01135,-0.1259,0.0449
2024-04,1d,through,6045,0.0299,0.02718,-0.1001,0.9218
2024-05,5m,bounce,6139,0.20365,0.21547,0.0549,0.2946
2024-05,5m,through,6139,0.17083,0.20401,0.1626,0.3146
2024-05,15m,bounce,6139,0.17196,0.1848,0.0694,0.2159
2024-05,15m,through,6139,0.22423,0.25047,0.1048,0.5041
2024-05,1h,bounce,6139,0.10538,0.10763,0.0209,0.1188
2024-05,1h,through,6139,0.20202,0.21539,0.0621,0.7226
2024-05,4h,bounce,6139,0.05364,0.05369,0.001,0.0714
2024-05,4h,through,6139,0.13279,0.13533,0.0188,0.8473
2024-05,1d,bounce,6139,0.00527,0.00346,-0.5248,0.0444
2024-05,1d,through,6139,0.01379,0.0115,-0.1988,0.9226
2024-06,5m,bounce,5253,0.21005,0.22527,0.0676,0.2948
2024-06,5m,through,5253,0.1843,0.20335,0.0937,0.3142
2024-06,15m,bounce,5253,0.18625,0.20092,0.073,0.2163
2024-06,15m,through,5253,0.23259,0.25037,0.071,0.5033
2024-06,1h,bounce,5253,0.0965,0.09873,0.0226,0.1188
2024-06,1h,through,5253,0.19455,0.19959,0.0252,0.7222
2024-06,4h,bounce,5253,0.05525,0.05568,0.0077,0.0712
2024-06,4h,through,5253,0.11685,0.11443,-0.0212,0.8472
2024-06,1d,bounce,5253,0.02783,0.0271,-0.0267,0.0438
2024-06,1d,through,5253,0.05026,0.04938,-0.0177,0.9236
2024-07,5m,bounce,6860,0.21406,0.22572,0.0516,0.2953
2024-07,5m,through,6860,0.19548,0.20379,0.0407,0.3138
2024-07,15m,bounce,6860,0.18,0.19082,0.0567,0.217
2024-07,15m,through,6860,0.24336,0.2501,0.027,0.5026
2024-07,1h,bounce,6860,0.1224,0.12725,0.0382,0.1187
2024-07,1h,through,6860,0.20518,0.21205,0.0324,0.7222
2024-07,4h,bounce,6860,0.0674,0.06633,-0.0161,0.0711
2024-07,4h,through,6860,0.12815,0.12356,-0.0372,0.8475
2024-07,1d,bounce,6860,0.02549,0.02426,-0.051,0.0436
2024-07,1d,through,6860,0.05828,0.05584,-0.0436,0.9239
2024-08,5m,bounce,4768,0.211,0.22068,0.0439,0.296
2024-08,5m,through,4768,0.17367,0.18486,0.0605,0.3133
2024-08,15m,bounce,4768,0.19536,0.20313,0.0382,0.2175
2024-08,15m,through,4768,0.23954,0.25034,0.0432,0.5023
2024-08,1h,bounce,4768,0.14722,0.15078,0.0236,0.1192
2024-08,1h,through,4768,0.23982,0.24812,0.0335,0.7218
2024-08,4h,bounce,4768,0.1193,0.11984,0.0045,0.0711
2024-08,4h,through,4768,0.19196,0.19338,0.0074,0.8476
2024-08,1d,bounce,4768,0.04057,0.04019,-0.0095,0.0433
2024-08,1d,through,4768,0.06161,0.06002,-0.0266,0.9241
2024-09,5m,bounce,4543,0.22181,0.23352,0.0502,0.2963
2024-09,5m,through,4543,0.15234,0.16807,0.0936,0.3125
2024-09,15m,bounce,4543,0.17905,0.18532,0.0338,0.2181
2024-09,15m,through,4543,0.25243,0.25019,-0.009,0.5015
2024-09,1h,bounce,4543,0.10321,0.10172,-0.0146,0.1198
2024-09,1h,through,4543,0.22063,0.21598,-0.0215,0.7207
2024-09,4h,bounce,4543,0.04601,0.04455,-0.0328,0.0718
2024-09,4h,through,4543,0.12088,0.11783,-0.0259,0.8466
2024-09,1d,bounce,4543,0.02193,0.02158,-0.0164,0.0433
2024-09,1d,through,4543,0.06222,0.06289,0.0107,0.9242
2024-10,5m,bounce,5489,0.20498,0.21817,0.0605,0.2969
2024-10,5m,through,5489,0.18276,0.19866,0.0801,0.3113
2024-10,15m,bounce,5489,0.16956,0.17534,0.033,0.2184
2024-10,15m,through,5489,0.24584,0.25005,0.0168,0.5008
2024-10,1h,bounce,5489,0.12247,0.12601,0.0281,0.1198
2024-10,1h,through,5489,0.20828,0.21341,0.0241,0.7204
2024-10,4h,bounce,5489,0.04865,0.04758,-0.0225,0.0715
2024-10,4h,through,5489,0.10112,0.0984,-0.0277,0.8468
2024-10,1d,bounce,5489,0.04296,0.04281,-0.0036,0.0431
2024-10,1d,through,5489,0.06758,0.06773,0.0022,0.9243
2024-11,5m,bounce,10918,0.17843,0.19164,0.0689,0.2971
2024-11,5m,through,10918,0.20713,0.24504,0.1547,0.3108
2024-11,15m,bounce,10918,0.13249,0.14479,0.085,0.2185
2024-11,15m,through,10918,0.21684,0.24991,0.1323,0.5005
2024-11,1h,bounce,10918,0.0931,0.09745,0.0446,0.1201
2024-11,1h,through,10918,0.17945,0.18922,0.0516,0.7201
2024-11,4h,bounce,10918,0.09486,0.09587,0.0106,0.0712
2024-11,4h,through,10918,0.1652,0.16519,-0.0,0.8473
2024-11,1d,bounce,10918,0.1086,0.10723,-0.0128,0.0431
2024-11,1d,through,10918,0.14652,0.14184,-0.033,0.9244
2024-12,5m,bounce,5487,0.21105,0.22219,0.0501,0.2962
2024-12,5m,through,5487,0.17221,0.18919,0.0897,0.3126
2024-12,15m,bounce,5487,0.16513,0.17108,0.0347,0.2174
2024-12,15m,through,5487,0.2364,0.25018,0.0551,0.5025
2024-12,1h,bounce,5487,0.09577,0.09681,0.0108,0.1198
2024-12,1h,through,5487,0.20824,0.21227,0.019,0.7207
2024-12,4h,bounce,5487,0.03622,0.0367,0.0131,0.072
2024-12,4h,through,5487,0.09636,0.0995,0.0316,0.8462
2024-12,1d,bounce,5487,0.01271,0.01229,-0.034,0.0448
2024-12,1d,through,5487,0.021,0.02018,-0.0406,0.9224
2025-01,5m,bounce,6954,0.19585,0.21146,0.0738,0.2966
2025-01,5m,through,6954,0.19072,0.22003,0.1332,0.3119
2025-01,15m,bounce,6954,0.15543,0.16552,0.061,0.2175
2025-01,15m,through,6954,0.23121,0.24985,0.0746,0.5021
2025-01,1h,bounce,6954,0.11225,0.11638,0.0355,0.1197
2025-01,1h,through,6954,0.19909,0.20337,0.021,0.7204
2025-01,4h,bounce,6954,0.06724,0.06883,0.0231,0.0716
2025-01,4h,through,6954,0.11539,0.11534,-0.0005,0.8467
2025-01,1d,bounce,6954,0.0471,0.04613,-0.0211,0.0444
2025-01,1d,through,6954,0.07558,0.07369,-0.0255,0.9231
2025-02,5m,bounce,5683,0.20643,0.21581,0.0435,0.2967
2025-02,5m,through,5683,0.19381,0.2085,0.0704,0.3121
2025-02,15m,bounce,5683,0.17577,0.18571,0.0535,0.2173
2025-02,15m,through,5683,0.23312,0.25024,0.0684,0.5026
2025-02,1h,bounce,5683,0.11561,0.11818,0.0217,0.1199
2025-02,1h,through,5683,0.21047,0.21918,0.0398,0.7203
2025-02,4h,bounce,5683,0.05626,0.05488,-0.0251,0.0717
2025-02,4h,through,5683,0.12934,0.12929,-0.0004,0.847
2025-02,1d,bounce,5683,0.02827,0.02811,-0.0057,0.0445
2025-02,1d,through,5683,0.04957,0.05014,0.0113,0.9231
2025-03,5m,bounce,4620,0.21714,0.22874,0.0507,0.2969
2025-03,5m,through,4620,0.14533,0.17325,0.1612,0.3119
2025-03,15m,bounce,4620,0.18716,0.19906,0.0598,0.2177
2025-03,15m,through,4620,0.2208,0.25049,0.1185,0.5021
2025-03,1h,bounce,4620,0.1203,0.12543,0.0409,0.1201
2025-03,1h,through,4620,0.22768,0.24628,0.0755,0.7199
2025-03,4h,bounce,4620,0.07801,0.07746,-0.0071,0.0715
2025-03,4h,through,4620,0.1719,0.17497,0.0176,0.847
2025-03,1d,bounce,4620,0.0144,0.0138,-0.044,0.0443
2025-03,1d,through,4620,0.03428,0.03263,-0.0506,0.9234
2025-04,5m,bounce,6001,0.21773,0.22627,0.0377,0.2973
2025-04,5m,through,6001,0.19197,0.19371,0.009,0.3109
2025-04,15m,bounce,6001,0.16897,0.17412,0.0296,0.2181
2025-04,15m,through,6001,0.24134,0.25006,0.0349,0.501
2025-04,1h,bounce,6001,0.09876,0.10065,0.0188,0.1203
2025-04,1h,through,6001,0.19088,0.19822,0.0371,0.719
2025-04,4h,bounce,6001,0.07238,0.0718,-0.008,0.0716
2025-04,4h,through,6001,0.14713,0.14874,0.0108,0.8464
2025-04,1d,bounce,6001,0.08547,0.08507,-0.0047,0.044
2025-04,1d,through,6001,0.13352,0.13405,0.0039,0.9238
2025-05,5m,bounce,6796,0.20206,0.21466,0.0587,0.2978
2025-05,5m,through,6796,0.18217,0.19889,0.0841,0.3102
2025-05,15m,bounce,6796,0.15992,0.16911,0.0543,0.2182
2025-05,15m,through,6796,0.2371,0.25001,0.0516,0.5006
2025-05,1h,bounce,6796,0.10468,0.10889,0.0387,0.1203
2025-05,1h,through,6796,0.2026,0.20818,0.0268,0.7191
2025-05,4h,bounce,6796,0.07554,0.07749,0.0252,0.0717
2025-05,4h,through,6796,0.12419,0.12697,0.0219,0.846
2025-05,1d,bounce,6796,0.02715,0.02665,-0.019,0.0445
2025-05,1d,through,6796,0.03465,0.03333,-0.0397,0.9229
2025-06,5m,bounce,5318,0.23135,0.24492,0.0554,0.298
2025-06,5m,through,5318,0.15777,0.17249,0.0853,0.3097
2025-06,15m,bounce,5318,0.20899,0.22079,0.0534,0.2182
2025-06,15m,through,5318,0.23305,0.25012,0.0683,0.5005
2025-06,1h,bounce,5318,0.1324,0.13356,0.0087,0.1203
2025-06,1h,through,5318,0.23283,0.23477,0.0083,0.7189
2025-06,4h,bounce,5318,0.0542,0.05347,-0.0137,0.0719
2025-06,4h,through,5318,0.12458,0.12157,-0.0248,0.8461
2025-06,1d,bounce,5318,0.05942,0.05817,-0.0215,0.0443
2025-06,1d,through,5318,0.09657,0.0944,-0.023,0.9235
2025-07,5m,bounce,7188,0.19267,0.20505,0.0604,0.2989
2025-07,5m,through,7188,0.19463,0.20776,0.0632,0.3086
2025-07,15m,bounce,7188,0.15618,0.16532,0.0553,0.2191
2025-07,15m,through,7188,0.24175,0.24997,0.0329,0.4993
2025-07,1h,bounce,7188,0.10078,0.10533,0.0432,0.1207
2025-07,1h,through,7188,0.2004,0.20915,0.0418,0.7181
2025-07,4h,bounce,7188,0.07124,0.07235,0.0153,0.0717
2025-07,4h,through,7188,0.13616,0.13626,0.0008,0.8462
2025-07,1d,bounce,7188,0.04004,0.03975,-0.0073,0.0445
2025-07,1d,through,7188,0.05455,0.05394,-0.0112,0.9232
2025-08,5m,bounce,6119,0.22319,0.23844,0.0639,0.2987
2025-08,5m,through,6119,0.14997,0.1697,0.1163,0.3084
2025-08,15m,bounce,6119,0.18197,0.19363,0.0602,0.2189
2025-08,15m,through,6119,0.23279,0.24981,0.0681,0.499
2025-08,1h,bounce,6119,0.10859,0.11028,0.0153,0.1207
2025-08,1h,through,6119,0.21279,0.21262,-0.0008,0.7179
2025-08,4h,bounce,6119,0.06562,0.06604,0.0063,0.0718
2025-08,4h,through,6119,0.1281,0.12991,0.0139,0.8461
2025-08,1d,bounce,6119,0.01236,0.0118,-0.0475,0.0444
2025-08,1d,through,6119,0.02735,0.02607,-0.0493,0.9235
2025-09,5m,bounce,4235,0.20941,0.22122,0.0534,0.2996
2025-09,5m,through,4235,0.14923,0.16701,0.1065,0.3071
2025-09,15m,bounce,4235,0.18896,0.20093,0.0595,0.2194
2025-09,15m,through,4235,0.2385,0.24956,0.0443,0.4979
2025-09,1h,bounce,4235,0.12242,0.12509,0.0214,0.1207
2025-09,1h,through,4235,0.22777,0.23575,0.0339,0.7176
2025-09,4h,bounce,4235,0.03703,0.0367,-0.0088,0.0718
2025-09,4h,through,4235,0.0836,0.08285,-0.0091,0.8461
2025-09,1d,bounce,4235,0.02012,0.0196,-0.0265,0.0441
2025-09,1d,through,4235,0.04617,0.04422,-0.0443,0.9241
2025-10,5m,bounce,6291,0.21006,0.22265,0.0565,0.2998
2025-10,5m,through,6291,0.17664,0.19468,0.0926,0.3062
2025-10,15m,bounce,6291,0.17755,0.18647,0.0479,0.2198
2025-10,15m,through,6291,0.24181,0.24988,0.0323,0.4971
2025-10,1h,bounce,6291,0.11245,0.11826,0.0491,0.1209
2025-10,1h,through,6291,0.20693,0.216,0.042,0.717
2025-10,4h,bounce,6291,0.0598,0.06137,0.0257,0.0715
2025-10,4h,through,6291,0.13083,0.13405,0.0241,0.8467
2025-10,1d,bounce,6291,0.07458,0.0753,0.0096,0.0439
2025-10,1d,through,6291,0.13895,0.13941,0.0033,0.9243
2025-11,5m,bounce,4408,0.22758,0.23989,0.0513,0.3002
2025-11,5m,through,4408,0.14353,0.16009,0.1034,0.3056
2025-11,15m,bounce,4408,0.19565,0.20516,0.0464,0.2201
2025-11,15m,through,4408,0.23329,0.24937,0.0645,0.4969
2025-11,1h,bounce,4408,0.11667,0.1228,0.0499,0.1211
2025-11,1h,through,4408,0.21676,0.22558,0.0391,0.7167
2025-11,4h,bounce,4408,0.07517,0.07685,0.022,0.0715
2025-11,4h,through,4408,0.14897,0.15484,0.0379,0.8466
2025-11,1d,bounce,4408,0.05491,0.05531,0.0071,0.0443
2025-11,1d,through,4408,0.09628,0.0975,0.0125,0.9234
2025-12,5m,bounce,3658,0.21302,0.22641,0.0591,0.3008
2025-12,5m,through,3658,0.16774,0.17888,0.0623,0.3046
2025-12,15m,bounce,3658,0.18275,0.19165,0.0464,0.2206
2025-12,15m,through,3658,0.2409,0.24947,0.0344,0.4961
2025-12,1h,bounce,3658,0.11305,0.11472,0.0146,0.1213
2025-12,1h,through,3658,0.21499,0.22157,0.0297,0.7163
2025-12,4h,bounce,3658,0.07528,0.07563,0.0046,0.0716
2025-12,4h,through,3658,0.15334,0.15597,0.0169,0.8463
2025-12,1d,bounce,3658,0.0088,0.0087,-0.012,0.0444
2025-12,1d,through,3658,0.02148,0.02118,-0.0142,0.9231
2026-01,5m,bounce,5446,0.19588,0.20658,0.0518,0.301
2026-01,5m,through,5446,0.19569,0.20758,0.0573,0.304
2026-01,15m,bounce,5446,0.16457,0.17118,0.0386,0.2208
2026-01,15m,through,5446,0.2451,0.24972,0.0185,0.4956
2026-01,1h,bounce,5446,0.1286,0.1332,0.0346,0.1214
2026-01,1h,through,5446,0.22056,0.22288,0.0104,0.716
2026-01,4h,bounce,5446,0.10426,0.1055,0.0117,0.0716
2026-01,4h,through,5446,0.17002,0.1748,0.0273,0.8461
2026-01,1d,bounce,5446,0.12533,0.12466,-0.0054,0.0442
2026-01,1d,through,5446,0.1794,0.17693,-0.014,0.9235
2026-02,5m,bounce,5610,0.21326,0.2193,0.0275,0.3009
2026-02,5m,through,5610,0.17606,0.18995,0.0731,0.3039
2026-02,15m,bounce,5610,0.18113,0.18681,0.0304,0.2208
2026-02,15m,through,5610,0.24211,0.24996,0.0314,0.4954
2026-02,1h,bounce,5610,0.09337,0.09398,0.0065,0.1217
2026-02,1h,through,5610,0.19909,0.19948,0.002,0.7156
2026-02,4h,bounce,5610,0.06173,0.06195,0.0035,0.0721
2026-02,4h,through,5610,0.13466,0.13596,0.0095,0.8454
2026-02,1d,bounce,5610,0.01031,0.00852,-0.2112,0.045
2026-02,1d,through,5610,0.02932,0.02456,-0.194,0.9223
2026-03,5m,bounce,4230,0.2233,0.23257,0.0398,0.3012
2026-03,5m,through,4230,0.128,0.14977,0.1453,0.3034
2026-03,15m,bounce,4230,0.2055,0.21478,0.0432,0.2211
2026-03,15m,through,4230,0.22943,0.24875,0.0777,0.4953
2026-03,1h,bounce,4230,0.10629,0.10299,-0.0321,0.1215
2026-03,1h,through,4230,0.20976,0.20923,-0.0025,0.7156
2026-03,4h,bounce,4230,0.05653,0.05395,-0.0477,0.072
2026-03,4h,through,4230,0.13541,0.13087,-0.0347,0.8453
2026-03,1d,bounce,4230,0.00305,0.00243,-0.2567,0.0447
2026-03,1d,through,4230,0.0104,0.00916,-0.1357,0.9228
2026-04,5m,bounce,3210,0.21532,0.22484,0.0424,0.3016
2026-04,5m,through,3210,0.11572,0.14296,0.1905,0.3022
2026-04,15m,bounce,3210,0.20973,0.21926,0.0435,0.2216
2026-04,15m,through,3210,0.22299,0.24796,0.1007,0.4944
2026-04,1h,bounce,3210,0.12046,0.12324,0.0226,0.1215
2026-04,1h,through,3210,0.23909,0.25335,0.0563,0.7155
2026-04,4h,bounce,3210,0.073,0.07212,-0.0122,0.0719
2026-04,4h,through,3210,0.16896,0.17303,0.0235,0.8453
2026-04,1d,bounce,3210,0.00644,0.00509,-0.2656,0.0443
2026-04,1d,through,3210,0.02261,0.02012,-0.124,0.9234
2026-05,5m,bounce,5193,0.21407,0.22245,0.0377,0.3018
2026-05,5m,through,5193,0.14075,0.15773,0.1076,0.3012
2026-05,15m,bounce,5193,0.18492,0.18879,0.0205,0.2221
2026-05,15m,through,5193,0.23386,0.24855,0.0591,0.4934
2026-05,1h,bounce,5193,0.10808,0.10791,-0.0016,0.1216
2026-05,1h,through,5193,0.21724,0.21578,-0.0068,0.7149
2026-05,4h,bounce,5193,0.08449,0.08249,-0.0242,0.0719
2026-05,4h,through,5193,0.16885,0.1646,-0.0258,0.845
2026-05,1d,bounce,5193,0.1041,0.10484,0.0071,0.0441
2026-05,1d,through,5193,0.17015,0.17227,0.0123,0.9237
2026-06,5m,bounce,5165,0.19546,0.20429,0.0432,0.302
2026-06,5m,through,5165,0.19736,0.21592,0.086,0.3
2026-06,15m,bounce,5165,0.17158,0.18189,0.0567,0.2224
2026-06,15m,through,5165,0.22829,0.2493,0.0843,0.4924
2026-06,1h,bounce,5165,0.11315,0.11633,0.0273,0.1216
2026-06,1h,through,5165,0.21369,0.22547,0.0522,0.7146
2026-06,4h,bounce,5165,0.05478,0.05424,-0.0099,0.0721
2026-06,4h,through,5165,0.12692,0.12529,-0.0129,0.8446
2026-06,1d,bounce,5165,0.05196,0.05189,-0.0013,0.0447
2026-06,1d,through,5165,0.09679,0.09583,-0.01,0.9226
2026-07,5m,bounce,2966,0.22219,0.2302,0.0348,0.3019
2026-07,5m,through,2966,0.11792,0.14306,0.1758,0.3002
2026-07,15m,bounce,2966,0.19555,0.20351,0.0391,0.2225
2026-07,15m,through,2966,0.23961,0.24826,0.0348,0.492
2026-07,1h,bounce,2966,0.12099,0.1245,0.0282,0.1217
2026-07,1h,through,2966,0.23317,0.2423,0.0377,0.7142
2026-07,4h,bounce,2895,0.09928,0.1001,0.0082,0.072
2026-07,4h,through,2895,0.18975,0.19247,0.0141,0.8446
2026-07,1d,bounce,2431,0.12797,0.12634,-0.0129,0.0448
2026-07,1d,through,2431,0.21119,0.20826,-0.0141,0.9224
