month,frame,family,n_test,n_train,brier,brier_base,skill,base
2018-09,5m,bounce,5916,39969,0.19618,0.20076,0.0228,0.2953
2018-09,5m,through,5916,39969,0.24897,0.24158,-0.0306,0.2796
2018-10,5m,bounce,3040,45885,0.20248,0.20746,0.024,0.2929
2018-10,5m,through,3040,45885,0.1829,0.19511,0.0626,0.2913
2018-11,5m,bounce,9628,48925,0.1822,0.17714,-0.0286,0.293
2018-11,5m,through,9628,48925,0.35946,0.27127,-0.3251,0.2896
2018-12,5m,bounce,5304,58553,0.21712,0.21447,-0.0123,0.2811
2018-12,5m,through,5304,58553,0.27,0.22213,-0.2155,0.3152
2019-01,5m,bounce,2585,63857,0.20685,0.21823,0.0522,0.2834
2019-01,5m,through,2585,63857,0.18303,0.20028,0.0861,0.3166
2019-02,5m,bounce,4426,66442,0.19922,0.20724,0.0387,0.2848
2019-02,5m,through,4426,66442,0.26042,0.22839,-0.1403,0.3149
2019-03,5m,bounce,3509,70868,0.21108,0.222,0.0492,0.2853
2019-03,5m,through,3509,70868,0.19338,0.17644,-0.096,0.3171
2019-04,5m,bounce,8441,74377,0.15622,0.17255,0.0946,0.2873
2019-04,5m,through,8441,74377,0.23308,0.2826,0.1752,0.3119
2019-05,5m,bounce,9327,82818,0.16485,0.17917,0.0799,0.2796
2019-05,5m,through,9327,82818,0.24124,0.27539,0.124,0.3303
2019-06,5m,bounce,6525,92145,0.19713,0.19562,-0.0077,0.2745
2019-06,5m,through,6525,92145,0.2397,0.23317,-0.028,0.3465
2019-07,5m,bounce,3137,98670,0.2175,0.22291,0.0243,0.274
2019-07,5m,through,3137,98670,0.12573,0.16779,0.2506,0.3479
2019-08,5m,bounce,3251,101807,0.21283,0.23099,0.0786,0.2756
2019-08,5m,through,3251,101807,0.15403,0.17546,0.1222,0.3419
2019-09,5m,bounce,4459,105058,0.21004,0.2183,0.0378,0.2778
2019-09,5m,through,4459,105058,0.21603,0.22499,0.0398,0.3371
2019-10,5m,bounce,4666,109517,0.19015,0.20269,0.0618,0.2794
2019-10,5m,through,4666,109517,0.2212,0.22535,0.0184,0.3373
2019-11,5m,bounce,3734,114183,0.20572,0.21299,0.0341,0.2795
2019-11,5m,through,3734,114183,0.18896,0.19886,0.0498,0.3375
2019-12,5m,bounce,4121,117917,0.21115,0.2224,0.0506,0.2803
2019-12,5m,through,4121,117917,0.18052,0.1968,0.0827,0.3351
2020-01,5m,bounce,6232,122038,0.1914,0.20448,0.064,0.2819
2020-01,5m,through,6232,122038,0.20067,0.21833,0.0809,0.3324
2020-02,5m,bounce,5532,128270,0.19851,0.20807,0.0459,0.2821
2020-02,5m,through,5532,128270,0.21088,0.21353,0.0124,0.3319
2020-03,5m,bounce,5197,133802,0.16671,0.18403,0.0941,0.2827
2020-03,5m,through,5197,133802,0.21068,0.24583,0.143,0.3309
2020-04,5m,bounce,3681,138999,0.20419,0.2133,0.0427,0.2811
2020-04,5m,through,3681,138999,0.17096,0.20007,0.1455,0.3336
2020-05,5m,bounce,4656,142680,0.20817,0.22395,0.0705,0.2817
2020-05,5m,through,4656,142680,0.16877,0.18518,0.0886,0.3319
2020-06,5m,bounce,3080,147336,0.23706,0.24673,0.0392,0.2833
2020-06,5m,through,3080,147336,0.1766,0.18151,0.027,0.3284
2020-07,5m,bounce,5964,150416,0.18699,0.19537,0.0429,0.2853
2020-07,5m,through,5964,150416,0.21026,0.2533,0.1699,0.3261
2020-08,5m,bounce,3390,156380,0.19748,0.20731,0.0474,0.2846
2020-08,5m,through,3390,156380,0.18835,0.21209,0.1119,0.3298
2020-09,5m,bounce,5517,159770,0.209,0.21974,0.0489,0.2848
2020-09,5m,through,5517,159770,0.18397,0.20422,0.0992,0.3292
2020-10,5m,bounce,5626,165287,0.22667,0.22269,-0.0179,0.286
2020-10,5m,through,5626,165287,0.17459,0.17664,0.0116,0.3276
2020-11,5m,bounce,9596,170913,0.24149,0.1951,-0.2378,0.2874
2020-11,5m,through,9596,170913,0.31719,0.24787,-0.2796,0.3234
2020-12,5m,bounce,6103,180509,0.20087,0.20943,0.0408,0.2862
2020-12,5m,through,6103,180509,0.21293,0.214,0.005,0.3278
2021-01,5m,bounce,10975,186612,0.17214,0.18166,0.0524,0.2866
2021-01,5m,through,10975,186612,0.26964,0.26945,-0.0007,0.3272
2021-02,5m,bounce,8783,197587,0.20597,0.20707,0.0053,0.2836
2021-02,5m,through,8783,197587,0.22332,0.22569,0.0105,0.3351
2021-03,5m,bounce,4799,206370,0.20496,0.21442,0.0441,0.284
2021-03,5m,through,4799,206370,0.1776,0.20093,0.1161,0.3355
2021-04,5m,bounce,10400,211169,0.17598,0.18609,0.0543,0.2846
2021-04,5m,through,10400,211169,0.22605,0.25144,0.101,0.334
2021-05,5m,bounce,9251,221569,0.18753,0.19784,0.0521,0.2827
2021-05,5m,through,9251,221569,0.22221,0.22831,0.0267,0.3381
2021-06,5m,bounce,4146,230820,0.237,0.23723,0.001,0.2822
2021-06,5m,through,4146,230820,0.14886,0.17446,0.1467,0.3386
2021-07,5m,bounce,5233,234966,0.21948,0.22309,0.0162,0.2836
2021-07,5m,through,5233,234966,0.16827,0.18797,0.1048,0.3359
2021-08,5m,bounce,8443,240199,0.183,0.19835,0.0774,0.2847
2021-08,5m,through,8443,240199,0.19107,0.23526,0.1878,0.3336
2021-09,5m,bounce,6981,248642,0.19305,0.20337,0.0507,0.2842
2021-09,5m,through,6981,248642,0.18953,0.22076,0.1415,0.3349
2021-10,5m,bounce,5446,255623,0.21325,0.22223,0.0404,0.2842
2021-10,5m,through,5446,255623,0.18091,0.18998,0.0477,0.3348
2021-11,5m,bounce,6083,261069,0.20864,0.2204,0.0533,0.2851
2021-11,5m,through,6083,261069,0.17472,0.1883,0.0722,0.3327
2021-12,5m,bounce,4996,267152,0.21605,0.22203,0.027,0.286
2021-12,5m,through,4996,267152,0.14479,0.16565,0.126,0.3304
2022-01,5m,bounce,5701,272148,0.21193,0.22025,0.0378,0.2868
2022-01,5m,through,5701,272148,0.20517,0.21049,0.0253,0.3274
2022-02,5m,bounce,5164,277849,0.27159,0.22832,-0.1895,0.2875
2022-02,5m,through,5164,277849,0.2224,0.19159,-0.1608,0.3268
2022-03,5m,bounce,3871,283013,0.22226,0.21753,-0.0218,0.2885
2022-03,5m,through,3871,283013,0.17508,0.17217,-0.0169,0.3253
2022-04,5m,bounce,4498,286884,0.23833,0.24087,0.0105,0.2889
2022-04,5m,through,4498,286884,0.1459,0.16602,0.1212,0.3235
2022-05,5m,bounce,5520,291382,0.2018,0.19565,-0.0314,0.2902
2022-05,5m,through,5520,291382,0.30044,0.22775,-0.3192,0.3212
2022-06,5m,bounce,4380,296902,0.2342,0.22374,-0.0468,0.2898
2022-06,5m,through,4380,296902,0.19319,0.18417,-0.049,0.3217
2022-07,5m,bounce,5571,301282,0.22986,0.23189,0.0088,0.2904
2022-07,5m,through,5571,301282,0.18995,0.18169,-0.0455,0.3203
2022-08,5m,bounce,4154,306853,0.22936,0.24659,0.0699,0.2915
2022-08,5m,through,4154,306853,0.11725,0.14618,0.1979,0.3185
2022-09,5m,bounce,6689,311007,0.22639,0.22977,0.0147,0.2928
2022-09,5m,through,6689,311007,0.20532,0.19849,-0.0344,0.3159
2022-10,5m,bounce,5445,317696,0.22185,0.22006,-0.0081,0.2939
2022-10,5m,through,5445,317696,0.18867,0.1819,-0.0372,0.3149
2022-11,5m,bounce,7226,323141,0.19676,0.2002,0.0172,0.2945
2022-11,5m,through,7226,323141,0.22633,0.22744,0.0049,0.3133
2022-12,5m,bounce,4579,330367,0.19472,0.20278,0.0397,0.2941
2022-12,5m,through,4579,330367,0.15543,0.20494,0.2416,0.3141
2023-01,5m,bounce,9118,334946,0.19305,0.20093,0.0392,0.2939
2023-01,5m,through,9118,334946,0.21531,0.23498,0.0837,0.3137
2023-02,5m,bounce,4006,344064,0.22635,0.22151,-0.0219,0.2935
2023-02,5m,through,4006,344064,0.15944,0.17488,0.0883,0.3151
2023-03,5m,bounce,7627,348070,0.19326,0.20414,0.0533,0.2939
2023-03,5m,through,7627,348070,0.21188,0.22166,0.0441,0.3138
2023-04,5m,bounce,4273,355697,0.2147,0.21874,0.0185,0.2937
2023-04,5m,through,4273,355697,0.21672,0.20873,-0.0383,0.3142
2023-05,5m,bounce,4080,359970,0.21734,0.22286,0.0248,0.294
2023-05,5m,through,4080,359970,0.14894,0.16487,0.0966,0.3139
2023-06,5m,bounce,5535,364050,0.21922,0.22656,0.0324,0.2944
2023-06,5m,through,5535,364050,0.19256,0.19358,0.0053,0.3124
2023-07,5m,bounce,6815,369585,0.16171,0.18576,0.1295,0.2951
2023-07,5m,through,6815,369585,0.17938,0.27364,0.3445,0.3116
2023-08,5m,bounce,4441,376400,0.21858,0.22076,0.0099,0.2941
2023-08,5m,through,4441,376400,0.21465,0.20408,-0.0518,0.3144
2023-09,5m,bounce,5254,380841,0.20442,0.21541,0.051,0.2945
2023-09,5m,through,5254,380841,0.19062,0.19497,0.0223,0.3141
2023-10,5m,bounce,10146,386095,0.18134,0.18859,0.0385,0.2948
2023-10,5m,through,10146,386095,0.23335,0.25379,0.0805,0.3133
2023-11,5m,bounce,6690,396241,0.19032,0.19862,0.0418,0.2936
2023-11,5m,through,6690,396241,0.20622,0.21345,0.0338,0.316
2023-12,5m,bounce,7470,402931,0.2122,0.22201,0.0442,0.2932
2023-12,5m,through,7470,402931,0.21641,0.20078,-0.0778,0.3158
2024-01,5m,bounce,5044,410401,0.21255,0.22196,0.0424,0.2939
2024-01,5m,through,5044,410401,0.19331,0.19797,0.0235,0.3151
2024-02,5m,bounce,7028,415445,0.19851,0.20831,0.047,0.2943
2024-02,5m,through,7028,415445,0.21728,0.23041,0.057,0.3145
2024-03,5m,bounce,8110,422473,0.19215,0.19984,0.0385,0.2943
2024-03,5m,through,8110,422473,0.22231,0.22997,0.0333,0.3152
2024-04,5m,bounce,6045,430583,0.21332,0.22568,0.0548,0.2939
2024-04,5m,through,6045,430583,0.18581,0.18281,-0.0164,0.3159
2024-05,5m,bounce,6139,436628,0.20652,0.21547,0.0416,0.2946
2024-05,5m,through,6139,436628,0.18479,0.20401,0.0942,0.3146
2024-06,5m,bounce,5253,442767,0.21291,0.22527,0.0548,0.2948
2024-06,5m,through,5253,442767,0.18214,0.20335,0.1043,0.3142
2024-07,5m,bounce,6860,448020,0.21626,0.22572,0.0419,0.2953
2024-07,5m,through,6860,448020,0.19954,0.20379,0.0208,0.3138
2024-08,5m,bounce,4768,454880,0.2157,0.22068,0.0225,0.296
2024-08,5m,through,4768,454880,0.18156,0.18486,0.0178,0.3133
2024-09,5m,bounce,4543,459648,0.22276,0.23352,0.0461,0.2963
2024-09,5m,through,4543,459648,0.15462,0.16807,0.08,0.3125
2024-10,5m,bounce,5489,464191,0.20849,0.21817,0.0444,0.2969
2024-10,5m,through,5489,464191,0.19045,0.19866,0.0413,0.3113
2024-11,5m,bounce,10918,469680,0.18104,0.19164,0.0553,0.2971
2024-11,5m,through,10918,469680,0.22026,0.24504,0.1011,0.3108
2024-12,5m,bounce,5487,480598,0.21429,0.22219,0.0355,0.2962
2024-12,5m,through,5487,480598,0.1764,0.18919,0.0676,0.3126
2025-01,5m,bounce,6954,486085,0.19814,0.21146,0.063,0.2966
2025-01,5m,through,6954,486085,0.20213,0.22003,0.0814,0.3119
2025-02,5m,bounce,5683,493039,0.20639,0.21581,0.0437,0.2967
2025-02,5m,through,5683,493039,0.19596,0.2085,0.0601,0.3121
2025-03,5m,bounce,4620,498722,0.21951,0.22874,0.0404,0.2969
2025-03,5m,through,4620,498722,0.14712,0.17325,0.1508,0.3119
2025-04,5m,bounce,6001,503342,0.22032,0.22627,0.0263,0.2973
2025-04,5m,through,6001,503342,0.19767,0.19371,-0.0205,0.3109
2025-05,5m,bounce,6796,509343,0.20121,0.21466,0.0626,0.2978
2025-05,5m,through,6796,509343,0.18574,0.19889,0.0661,0.3102
2025-06,5m,bounce,5318,516139,0.23294,0.24492,0.0489,0.298
2025-06,5m,through,5318,516139,0.16478,0.17249,0.0447,0.3097
2025-07,5m,bounce,7188,521457,0.19277,0.20505,0.0599,0.2989
2025-07,5m,through,7188,521457,0.19461,0.20776,0.0633,0.3086
2025-08,5m,bounce,6119,528645,0.22485,0.23844,0.057,0.2987
2025-08,5m,through,6119,528645,0.1533,0.1697,0.0967,0.3084
2025-09,5m,bounce,4235,534764,0.21094,0.22122,0.0464,0.2996
2025-09,5m,through,4235,534764,0.1506,0.16701,0.0983,0.3071
2025-10,5m,bounce,6291,538999,0.21193,0.22265,0.0482,0.2998
2025-10,5m,through,6291,538999,0.18061,0.19468,0.0723,0.3062
2025-11,5m,bounce,4408,545290,0.22818,0.23989,0.0488,0.3002
2025-11,5m,through,4408,545290,0.14463,0.16009,0.0966,0.3056
2025-12,5m,bounce,3658,549698,0.21637,0.22641,0.0443,0.3008
2025-12,5m,through,3658,549698,0.17037,0.17888,0.0476,0.3046
2026-01,5m,bounce,5446,553356,0.19747,0.20658,0.0441,0.301
2026-01,5m,through,5446,553356,0.19566,0.20758,0.0574,0.304
2026-02,5m,bounce,5610,558802,0.21374,0.2193,0.0253,0.3009
2026-02,5m,through,5610,558802,0.17558,0.18995,0.0757,0.3039
2026-03,5m,bounce,4230,564412,0.22652,0.23257,0.026,0.3012
2026-03,5m,through,4230,564412,0.12862,0.14977,0.1412,0.3034
2026-04,5m,bounce,3210,568642,0.21759,0.22484,0.0323,0.3016
2026-04,5m,through,3210,568642,0.11931,0.14296,0.1654,0.3022
2026-05,5m,bounce,5193,571852,0.21491,0.22245,0.0339,0.3018
2026-05,5m,through,5193,571852,0.14601,0.15773,0.0742,0.3012
2026-06,5m,bounce,5165,577045,0.19335,0.20429,0.0536,0.302
2026-06,5m,through,5165,577045,0.19218,0.21592,0.11,0.3
2026-07,5m,bounce,2966,582210,0.22213,0.2302,0.0351,0.3019
2026-07,5m,through,2966,582210,0.12073,0.14306,0.1561,0.3002
2018-09,15m,bounce,5916,39969,0.17234,0.17004,-0.0135,0.2198
2018-09,15m,through,5916,39969,0.25442,0.25271,-0.0068,0.4748
2018-10,15m,bounce,3040,45885,0.18292,0.19175,0.0461,0.2195
2018-10,15m,through,3040,45885,0.24058,0.24754,0.0281,0.4834
2018-11,15m,bounce,9628,48925,0.13928,0.13986,0.0042,0.2218
2018-11,15m,through,9628,48925,0.34228,0.25409,-0.3471,0.4793
2018-12,15m,bounce,5304,58553,0.16613,0.16332,-0.0172,0.2121
2018-12,15m,through,5304,58553,0.30015,0.25013,-0.2,0.4972
2019-01,15m,bounce,2585,63857,0.17766,0.19874,0.1061,0.2116
2019-01,15m,through,2585,63857,0.23823,0.24992,0.0468,0.4992
2019-02,15m,bounce,4426,66442,0.16605,0.17258,0.0379,0.2137
2019-02,15m,through,4426,66442,0.27148,0.25013,-0.0853,0.4973
2019-03,15m,bounce,3509,70868,0.1847,0.18695,0.0121,0.2142
2019-03,15m,through,3509,70868,0.2472,0.24974,0.0102,0.4989
2019-04,15m,bounce,8441,74377,0.12004,0.13511,0.1116,0.2157
2019-04,15m,through,8441,74377,0.21007,0.25219,0.167,0.4932
2019-05,15m,bounce,9327,82818,0.13223,0.14089,0.0615,0.2096
2019-05,15m,through,9327,82818,0.21203,0.24733,0.1427,0.51
2019-06,15m,bounce,6525,92145,0.15524,0.14332,-0.0832,0.2053
2019-06,15m,through,6525,92145,0.23376,0.2474,0.0551,0.523
2019-07,15m,bounce,3137,98670,0.18247,0.19495,0.064,0.2031
2019-07,15m,through,3137,98670,0.21999,0.25759,0.1459,0.526
2019-08,15m,bounce,3251,101807,0.18696,0.19703,0.0511,0.2048
2019-08,15m,through,3251,101807,0.25094,0.25426,0.013,0.5211
2019-09,15m,bounce,4459,105058,0.16649,0.17257,0.0353,0.2066
2019-09,15m,through,4459,105058,0.24471,0.24925,0.0182,0.5177
2019-10,15m,bounce,4666,109517,0.15245,0.1525,0.0003,0.2072
2019-10,15m,through,4666,109517,0.24687,0.2489,0.0082,0.5182
2019-11,15m,bounce,3734,114183,0.17561,0.18335,0.0422,0.2064
2019-11,15m,through,3734,114183,0.24564,0.25225,0.0262,0.519
2019-12,15m,bounce,4121,117917,0.18899,0.20177,0.0633,0.2074
2019-12,15m,through,4121,117917,0.24061,0.25422,0.0535,0.5169
2020-01,15m,bounce,6232,122038,0.14701,0.15465,0.0494,0.2096
2020-01,15m,through,6232,122038,0.24634,0.24967,0.0133,0.5124
2020-02,15m,bounce,5532,128270,0.16432,0.16846,0.0246,0.2087
2020-02,15m,through,5532,128270,0.24128,0.25002,0.035,0.5127
2020-03,15m,bounce,5197,133802,0.14182,0.15589,0.0902,0.2089
2020-03,15m,through,5197,133802,0.23558,0.24863,0.0525,0.5124
2020-04,15m,bounce,3681,138999,0.17242,0.18714,0.0786,0.2083
2020-04,15m,through,3681,138999,0.22662,0.25199,0.1007,0.5142
2020-05,15m,bounce,4656,142680,0.17398,0.18192,0.0436,0.2093
2020-05,15m,through,4656,142680,0.23702,0.25215,0.06,0.5122
2020-06,15m,bounce,3080,147336,0.20842,0.20584,-0.0126,0.2102
2020-06,15m,through,3080,147336,0.24417,0.25178,0.0302,0.5093
2020-07,15m,bounce,5964,150416,0.14769,0.15503,0.0473,0.2116
2020-07,15m,through,5964,150416,0.22623,0.24864,0.0901,0.5072
2020-08,15m,bounce,3390,156380,0.1628,0.16916,0.0376,0.2108
2020-08,15m,through,3390,156380,0.2326,0.25017,0.0702,0.5107
2020-09,15m,bounce,5517,159770,0.17455,0.18533,0.0582,0.2109
2020-09,15m,through,5517,159770,0.23132,0.25061,0.077,0.5104
2020-10,15m,bounce,5626,165287,0.17683,0.18132,0.0247,0.212
2020-10,15m,through,5626,165287,0.25427,0.25186,-0.0096,0.5093
2020-11,15m,bounce,9596,170913,0.17296,0.14621,-0.183,0.2128
2020-11,15m,through,9596,170913,0.34066,0.24886,-0.3689,0.5058
2020-12,15m,bounce,6103,180509,0.16381,0.17011,0.037,0.2108
2020-12,15m,through,6103,180509,0.25396,0.25011,-0.0154,0.5109
2021-01,15m,bounce,10975,186612,0.14422,0.13816,-0.0438,0.211
2021-01,15m,through,10975,186612,0.28843,0.24723,-0.1667,0.5105
2021-02,15m,bounce,8783,197587,0.17042,0.1668,-0.0217,0.2083
2021-02,15m,through,8783,197587,0.25744,0.24889,-0.0344,0.5175
2021-03,15m,bounce,4799,206370,0.18688,0.19983,0.0648,0.2085
2021-03,15m,through,4799,206370,0.23731,0.25267,0.0608,0.5185
2021-04,15m,bounce,10400,211169,0.13516,0.1404,0.0373,0.2098
2021-04,15m,through,10400,211169,0.2293,0.24718,0.0723,0.5167
2021-05,15m,bounce,9251,221569,0.14977,0.14558,-0.0288,0.2078
2021-05,15m,through,9251,221569,0.24333,0.24783,0.0182,0.5203
2021-06,15m,bounce,4146,230820,0.21318,0.21212,-0.005,0.2065
2021-06,15m,through,4146,230820,0.25398,0.25466,0.0027,0.522
2021-07,15m,bounce,5233,234966,0.18378,0.19069,0.0362,0.2079
2021-07,15m,through,5233,234966,0.24445,0.25242,0.0316,0.5199
2021-08,15m,bounce,8443,240199,0.13352,0.14425,0.0744,0.2089
2021-08,15m,through,8443,240199,0.21994,0.24779,0.1124,0.5184
2021-09,15m,bounce,6981,248642,0.1615,0.16708,0.0334,0.2077
2021-09,15m,through,6981,248642,0.2276,0.25021,0.0904,0.5201
2021-10,15m,bounce,5446,255623,0.16676,0.17485,0.0462,0.2078
2021-10,15m,through,5446,255623,0.24736,0.25237,0.0199,0.5197
2021-11,15m,bounce,6083,261069,0.18984,0.18726,-0.0138,0.2081
2021-11,15m,through,6083,261069,0.24052,0.25336,0.0507,0.5182
2021-12,15m,bounce,4996,267152,0.19651,0.20491,0.041,0.209
2021-12,15m,through,4996,267152,0.23248,0.25414,0.0852,0.5159
2022-01,15m,bounce,5701,272148,0.17828,0.18936,0.0585,0.2103
2022-01,15m,through,5701,272148,0.25083,0.25082,-0.0,0.5134
2022-02,15m,bounce,5164,277849,0.26369,0.18622,-0.4161,0.2111
2022-02,15m,through,5164,277849,0.32165,0.2512,-0.2804,0.5126
2022-03,15m,bounce,3871,283013,0.18041,0.18215,0.0096,0.2117
2022-03,15m,through,3871,283013,0.2353,0.25175,0.0653,0.5117
2022-04,15m,bounce,4498,286884,0.22862,0.20475,-0.1166,0.2121
2022-04,15m,through,4498,286884,0.29595,0.25292,-0.1701,0.5106
2022-05,15m,bounce,5520,291382,0.16652,0.15955,-0.0437,0.2131
2022-05,15m,through,5520,291382,0.27937,0.24972,-0.1187,0.5083
2022-06,15m,bounce,4380,296902,0.19665,0.18744,-0.0491,0.2128
2022-06,15m,through,4380,296902,0.28568,0.25096,-0.1383,0.5086
2022-07,15m,bounce,5571,301282,0.18294,0.1864,0.0186,0.2133
2022-07,15m,through,5571,301282,0.2822,0.25096,-0.1245,0.5077
2022-08,15m,bounce,4154,306853,0.21654,0.21435,-0.0102,0.2139
2022-08,15m,through,4154,306853,0.2333,0.25253,0.0761,0.5065
2022-09,15m,bounce,6689,311007,0.18253,0.17882,-0.0207,0.215
2022-09,15m,through,6689,311007,0.28202,0.25013,-0.1275,0.5038
2022-10,15m,bounce,5445,317696,0.18587,0.18616,0.0016,0.2154
2022-10,15m,through,5445,317696,0.27492,0.25046,-0.0977,0.5035
2022-11,15m,bounce,7226,323141,0.1645,0.16322,-0.0078,0.2159
2022-11,15m,through,7226,323141,0.24082,0.25004,0.0369,0.5023
2022-12,15m,bounce,4579,330367,0.18816,0.19964,0.0575,0.2156
2022-12,15m,through,4579,330367,0.21151,0.25024,0.1548,0.5021
2023-01,15m,bounce,9118,334946,0.14318,0.15021,0.0468,0.2164
2023-01,15m,through,9118,334946,0.23438,0.24983,0.0619,0.5013
2023-02,15m,bounce,4006,344064,0.18494,0.18749,0.0136,0.2155
2023-02,15m,through,4006,344064,0.24781,0.25036,0.0102,0.503
2023-03,15m,bounce,7627,348070,0.1637,0.16849,0.0284,0.2158
2023-03,15m,through,7627,348070,0.23499,0.2499,0.0597,0.5022
2023-04,15m,bounce,4273,355697,0.18032,0.18159,0.007,0.2158
2023-04,15m,through,4273,355697,0.25268,0.25004,-0.0106,0.5027
2023-05,15m,bounce,4080,359970,0.21019,0.21482,0.0216,0.2161
2023-05,15m,through,4080,359970,0.24758,0.25076,0.0127,0.5026
2023-06,15m,bounce,5535,364050,0.18287,0.18146,-0.0078,0.217
2023-06,15m,through,5535,364050,0.24754,0.2501,0.0102,0.5009
2023-07,15m,bounce,6815,369585,0.1313,0.15217,0.1372,0.2173
2023-07,15m,through,6815,369585,0.18888,0.24998,0.2444,0.5001
2023-08,15m,bounce,4441,376400,0.18155,0.18488,0.018,0.2167
2023-08,15m,through,4441,376400,0.26717,0.25012,-0.0682,0.5021
2023-09,15m,bounce,5254,380841,0.17924,0.17636,-0.0163,0.217
2023-09,15m,through,5254,380841,0.23914,0.25016,0.044,0.5017
2023-10,15m,bounce,10146,386095,0.12848,0.14049,0.0855,0.2172
2023-10,15m,through,10146,386095,0.21879,0.24979,0.1241,0.5011
2023-11,15m,bounce,6690,396241,0.16456,0.16433,-0.0014,0.2158
2023-11,15m,through,6690,396241,0.23781,0.25,0.0488,0.5036
2023-12,15m,bounce,7470,402931,0.16198,0.16573,0.0226,0.2157
2023-12,15m,through,7470,402931,0.25569,0.24985,-0.0234,0.5036
2024-01,15m,bounce,5044,410401,0.19082,0.20177,0.0543,0.2156
2024-01,15m,through,5044,410401,0.24868,0.25044,0.007,0.5039
2024-02,15m,bounce,7028,415445,0.15783,0.15941,0.0099,0.2163
2024-02,15m,through,7028,415445,0.24675,0.2497,0.0118,0.5032
2024-03,15m,bounce,8110,422473,0.14916,0.15542,0.0403,0.216
2024-03,15m,through,8110,422473,0.234,0.24973,0.063,0.504
2024-04,15m,bounce,6045,430583,0.18263,0.1866,0.0212,0.2155
2024-04,15m,through,6045,430583,0.24454,0.25029,0.023,0.5046
2024-05,15m,bounce,6139,436628,0.17401,0.1848,0.0584,0.2159
2024-05,15m,through,6139,436628,0.23043,0.25047,0.08,0.5041
2024-06,15m,bounce,5253,442767,0.18997,0.20092,0.0545,0.2163
2024-06,15m,through,5253,442767,0.23439,0.25037,0.0638,0.5033
2024-07,15m,bounce,6860,448020,0.18293,0.19082,0.0413,0.217
2024-07,15m,through,6860,448020,0.25609,0.2501,-0.0239,0.5026
2024-08,15m,bounce,4768,454880,0.19776,0.20313,0.0264,0.2175
2024-08,15m,through,4768,454880,0.24703,0.25034,0.0133,0.5023
2024-09,15m,bounce,4543,459648,0.18168,0.18532,0.0196,0.2181
2024-09,15m,through,4543,459648,0.25928,0.25019,-0.0363,0.5015
2024-10,15m,bounce,5489,464191,0.17299,0.17534,0.0134,0.2184
2024-10,15m,through,5489,464191,0.25728,0.25005,-0.0289,0.5008
2024-11,15m,bounce,10918,469680,0.13522,0.14479,0.0661,0.2185
2024-11,15m,through,10918,469680,0.22679,0.24991,0.0925,0.5005
2024-12,15m,bounce,5487,480598,0.16985,0.17108,0.0072,0.2174
2024-12,15m,through,5487,480598,0.2441,0.25018,0.0243,0.5025
2025-01,15m,bounce,6954,486085,0.15814,0.16552,0.0446,0.2175
2025-01,15m,through,6954,486085,0.23948,0.24985,0.0415,0.5021
2025-02,15m,bounce,5683,493039,0.17691,0.18571,0.0474,0.2173
2025-02,15m,through,5683,493039,0.23951,0.25024,0.0428,0.5026
2025-03,15m,bounce,4620,498722,0.18899,0.19906,0.0506,0.2177
2025-03,15m,through,4620,498722,0.22573,0.25049,0.0988,0.5021
2025-04,15m,bounce,6001,503342,0.17319,0.17412,0.0054,0.2181
2025-04,15m,through,6001,503342,0.25038,0.25006,-0.0013,0.501
2025-05,15m,bounce,6796,509343,0.16031,0.16911,0.052,0.2182
2025-05,15m,through,6796,509343,0.24134,0.25001,0.0347,0.5006
2025-06,15m,bounce,5318,516139,0.2093,0.22079,0.0521,0.2182
2025-06,15m,through,5318,516139,0.23793,0.25012,0.0487,0.5005
